observation_date,GPR_Index,GPR_Acts,GPR_Threats
2020-01-01,114.53,105.39,131.86
2020-01-02,163.18,86.76,199.01
2020-01-03,80.79,40.27,125.97
2020-01-06,251.99,115.14,357.95
2020-01-07,413.46,147.21,622.12
2020-01-08,180.61,158.09,227.10
2020-01-09,394.46,339.62,551.65
2020-01-10,167.30,166.79,187.81
2020-01-13,152.73,126.00,157.65
2020-01-14,131.78,81.54,151.14
2020-01-15,153.53,64.93,216.65
2020-01-16,145.95,44.09,213.30
2020-01-17,129.82,83.50,174.12
2020-01-20,119.12,33.93,179.23
2020-01-21,119.33,85.65,150.82
2020-01-22,77.99,24.55,129.70
2020-01-23,93.07,16.87,147.75
2020-01-24,51.96,8.63,79.21
2020-01-27,72.01,30.77,94.10
2020-01-28,99.59,51.80,136.83
2020-01-29,47.02,8.52,71.08
2020-01-30,188.07,42.61,284.34
2020-01-31,73.98,40.97,88.85
2020-02-03,107.52,112.29,93.66
2020-02-04,143.61,181.34,103.49
2020-02-05,68.35,36.34,98.51
2020-02-06,90.63,36.14,128.12
2020-02-07,78.96,23.62,111.62
2020-02-10,24.76,19.75,24.70
2020-02-11,90.26,89.98,82.56
2020-02-12,62.03,74.21,41.27
2020-02-13,58.85,83.82,27.96
2020-02-14,89.18,59.27,120.07
2020-02-17,84.65,78.76,112.62
2020-02-18,83.43,0.00,138.75
2020-02-19,54.75,45.49,53.12
2020-02-20,111.31,53.26,140.69
2020-02-21,103.92,86.34,129.62
2020-02-24,80.92,70.59,75.70
2020-02-25,115.45,44.27,155.08
2020-02-26,102.60,19.48,154.38
2020-02-27,63.97,72.88,53.19
2020-02-28,55.14,59.20,56.43
2020-03-02,106.23,125.16,104.40
2020-03-03,123.04,141.53,86.57
2020-03-04,144.92,140.35,185.93
2020-03-05,79.18,122.80,58.53
2020-03-06,51.33,55.11,78.79
2020-03-09,72.80,41.47,95.13
2020-03-10,71.65,16.81,112.14
2020-03-11,90.98,65.96,110.04
2020-03-12,74.84,70.68,72.06
2020-03-13,68.07,82.94,81.75
2020-03-16,34.45,9.81,49.11
2020-03-17,99.09,94.08,86.32
2020-03-18,87.61,74.86,83.26
2020-03-19,89.17,97.78,81.56
2020-03-20,57.80,26.60,81.34
2020-03-23,121.19,40.27,167.96
2020-03-24,191.01,100.22,275.87
2020-03-25,53.36,17.73,81.34
2020-03-26,56.71,28.27,78.59
2020-03-27,52.13,47.24,55.17
2020-03-30,103.52,39.31,139.36
2020-03-31,89.26,59.32,107.21
2020-04-01,65.60,9.34,101.30
2020-04-02,47.59,9.49,79.15
2020-04-03,84.58,56.21,93.77
2020-04-06,99.33,108.92,90.85
2020-04-07,106.53,60.69,143.42
2020-04-08,78.21,55.04,91.82
2020-04-09,60.91,84.08,38.96
2020-04-10,85.49,71.02,94.78
2020-04-13,88.78,77.44,92.28
2020-04-14,91.17,43.28,137.18
2020-04-15,89.53,68.00,99.26
2020-04-16,48.46,17.57,65.93
2020-04-17,73.51,45.80,84.05
2020-04-20,25.88,0.00,43.04
2020-04-21,54.08,35.94,59.96
2020-04-22,137.26,136.84,114.14
2020-04-23,100.94,82.33,114.45
2020-04-24,45.83,8.31,76.23
2020-04-27,49.00,19.54,65.20
2020-04-28,95.69,127.19,75.78
2020-04-29,79.46,99.02,66.08
2020-04-30,56.95,56.77,55.25
2020-05-01,60.41,60.23,50.23
2020-05-04,59.60,29.71,74.33
2020-05-05,41.64,36.90,38.47
2020-05-06,80.79,113.71,47.42
2020-05-07,56.15,27.99,70.03
2020-05-08,70.48,93.68,54.70
2020-05-11,37.91,37.80,31.53
2020-05-12,39.44,9.83,57.39
2020-05-13,59.53,33.91,70.72
2020-05-14,82.13,45.49,98.65
2020-05-15,45.82,27.41,53.34
2020-05-18,135.10,140.07,125.82
2020-05-19,99.48,79.34,99.26
2020-05-20,99.69,45.18,128.12
2020-05-21,73.21,27.37,106.53
2020-05-22,135.65,69.80,174.66
2020-05-25,129.13,11.19,205.42
2020-05-26,120.36,73.04,147.95
2020-05-27,23.43,28.03,31.17
2020-05-28,61.02,43.45,79.74
2020-05-29,137.45,45.68,190.49
2020-06-01,53.90,39.08,73.34
2020-06-02,83.04,82.79,76.73
2020-06-03,114.53,52.70,190.47
2020-06-04,36.15,27.03,37.58
2020-06-05,109.98,61.40,131.69
2020-06-08,65.65,50.34,75.58
2020-06-09,68.30,19.45,105.47
2020-06-10,95.69,45.42,121.24
2020-06-11,87.41,18.35,137.73
2020-06-12,73.61,55.04,76.51
2020-06-15,102.87,102.56,128.32
2020-06-16,79.20,27.87,108.48
2020-06-17,151.38,150.91,133.28
2020-06-18,101.32,61.48,124.54
2020-06-19,53.82,78.05,32.55
2020-06-22,131.45,83.87,166.14
2020-06-23,56.38,65.58,62.51
2020-06-24,80.22,37.63,109.87
2020-06-25,40.78,27.11,45.22
2020-06-26,44.34,8.84,66.37
2020-06-29,48.01,63.81,44.36
2020-06-30,76.92,67.10,87.95
2020-07-01,107.85,143.36,145.20
2020-07-02,23.39,18.66,23.34
2020-07-03,43.97,29.22,56.88
2020-07-06,72.01,30.77,94.10
2020-07-07,106.17,74.09,123.60
2020-07-08,68.60,48.85,105.94
2020-07-09,55.83,18.55,77.37
2020-07-10,97.43,18.50,146.60
2020-07-13,92.73,51.36,111.38
2020-07-14,93.80,98.43,73.89
2020-07-15,103.67,39.37,147.78
2020-07-16,29.49,29.40,24.52
2020-07-17,38.32,16.98,49.57
2020-07-20,87.17,67.59,128.87
2020-07-21,116.23,26.74,178.43
2020-07-22,117.13,18.68,187.01
2020-07-23,78.04,34.58,115.37
2020-07-24,92.75,52.84,110.18
2020-07-27,137.18,50.65,185.89
2020-07-28,121.65,46.64,171.18
2020-07-29,80.91,37.96,110.81
2020-07-30,54.08,26.96,67.46
2020-07-31,38.62,34.22,42.82
2020-08-03,42.17,28.03,46.75
2020-08-04,48.71,19.43,64.81
2020-08-05,33.80,0.00,56.21
2020-08-06,112.37,98.58,112.12
2020-08-07,43.82,17.47,65.58
2020-08-10,40.58,20.23,50.62
2020-08-11,55.29,18.37,76.62
2020-08-12,61.83,61.64,80.80
2020-08-13,88.90,9.33,140.06
2020-08-14,44.29,26.49,58.92
2020-08-17,65.55,30.16,92.24
2020-08-18,84.10,37.26,108.78
2020-08-19,46.66,46.51,69.83
2020-08-20,122.02,36.04,180.38
2020-08-21,166.30,17.92,261.62
2020-08-24,71.24,0.00,118.47
2020-08-25,85.98,45.11,105.36
2020-08-26,105.67,36.64,152.82
2020-08-27,142.09,97.39,162.46
2020-08-28,64.11,17.04,106.63
2020-08-31,88.63,66.27,101.34
2020-09-01,106.37,80.79,126.35
2020-09-02,109.21,90.72,105.94
2020-09-03,94.24,84.56,125.38
2020-09-04,94.90,36.04,127.77
2020-09-07,149.53,22.93,229.54
2020-09-08,68.60,29.31,89.64
2020-09-09,47.32,25.73,64.39
2020-09-10,145.25,140.13,124.67
2020-09-11,145.95,88.18,205.94
2020-09-14,67.31,47.93,71.96
2020-09-15,115.94,33.02,165.27
2020-09-16,82.47,54.81,121.91
2020-09-17,100.08,29.93,141.47
2020-09-18,86.34,18.12,143.58
2020-09-21,52.92,31.65,70.40
2020-09-22,94.39,35.85,156.97
2020-09-23,62.17,35.41,73.85
2020-09-24,64.87,68.98,86.30
2020-09-25,55.35,25.47,70.81
2020-09-28,104.41,85.16,134.17
2020-09-29,105.16,104.84,95.39
2020-09-30,104.96,125.57,76.80
2020-10-01,76.00,53.48,96.65
2020-10-02,101.93,25.40,148.32
2020-10-05,66.92,9.53,111.29
2020-10-06,85.71,68.35,114.03
2020-10-07,83.25,43.68,102.02
2020-10-08,113.65,16.78,175.00
2020-10-09,81.57,27.11,113.04
2020-10-12,67.72,56.26,93.85
2020-10-13,78.09,0.00,129.86
2020-10-14,47.69,17.29,64.90
2020-10-15,107.97,51.67,143.65
2020-10-16,123.50,61.56,176.05
2020-10-19,95.22,69.94,100.01
2020-10-20,98.67,103.05,85.96
2020-10-21,72.01,62.82,67.37
2020-10-22,101.61,105.35,81.11
2020-10-23,65.73,52.42,65.58
2020-10-26,89.93,29.89,124.64
2020-10-27,130.45,65.03,185.96
2020-10-28,81.79,54.36,113.35
2020-10-29,89.64,51.07,106.49
2020-10-30,80.36,89.01,66.82
2020-11-02,56.63,56.45,54.93
2020-11-03,162.63,179.20,142.35
2020-11-04,129.57,94.72,136.47
2020-11-05,69.65,86.79,72.39
2020-11-06,62.93,89.62,67.27
2020-11-09,105.40,80.06,116.86
2020-11-10,58.59,44.93,59.96
2020-11-11,97.93,76.40,113.30
2020-11-12,52.86,17.57,80.58
2020-11-13,69.19,77.60,57.54
2020-11-16,70.60,97.45,63.22
2020-11-17,45.82,36.54,53.34
2020-11-18,109.74,105.35,128.43
2020-11-19,49.04,35.56,51.90
2020-11-20,94.16,42.67,128.12
2020-11-23,36.76,54.96,45.84
2020-11-24,104.29,128.73,82.59
2020-11-25,23.36,9.32,31.08
2020-11-26,69.12,63.61,79.58
2020-11-27,70.37,100.22,66.88
2020-11-30,46.80,20.74,69.19
2020-12-01,129.66,41.70,180.85
2020-12-02,92.27,36.80,130.44
2020-12-03,67.79,63.07,90.19
2020-12-04,38.67,25.70,42.87
2020-12-07,55.04,0.00,91.54
2020-12-08,78.98,34.99,102.15
2020-12-09,62.74,8.34,104.34
2020-12-10,95.42,27.18,143.58
2020-12-11,42.85,42.72,35.63
2020-12-14,29.80,19.80,33.04
2020-12-15,89.53,46.98,125.38
2020-12-16,52.51,8.72,80.05
2020-12-17,93.12,70.73,125.37
2020-12-18,79.99,0.00,133.03
2020-12-21,91.12,64.12,106.97
2020-12-22,62.68,48.07,72.17
2020-12-23,68.60,39.08,97.79
2020-12-24,55.00,42.18,56.29
2020-12-25,48.24,0.00,80.23
2020-12-28,41.41,16.51,55.09
2020-12-29,69.01,22.93,105.21
2020-12-30,59.15,53.61,89.43
2020-12-31,80.79,46.03,95.98
2021-01-01,65.27,32.54,81.41
2021-01-04,99.33,108.92,107.37
2021-01-05,121.85,71.99,150.11
2021-01-06,106.57,35.41,169.85
2021-01-07,54.24,24.95,76.32
2021-01-08,77.74,51.67,86.19
2021-01-11,84.14,35.32,110.47
2021-01-12,169.88,169.35,181.62
2021-01-13,66.50,74.58,55.30
2021-01-14,62.11,41.28,68.86
2021-01-15,57.97,49.54,75.75
2021-01-18,94.49,55.41,129.41
2021-01-19,66.67,49.85,76.23
2021-01-20,87.49,23.79,132.27
2021-01-21,47.44,39.41,52.59
2021-01-22,93.71,73.12,101.64
2021-01-25,140.45,96.56,185.24
2021-01-26,50.25,8.35,76.61
2021-01-27,68.84,72.67,60.61
2021-01-28,112.79,41.64,166.73
2021-01-29,63.22,16.81,91.12
2021-02-01,60.05,29.93,83.22
2021-02-02,192.34,144.88,248.79
2021-02-03,69.92,43.57,101.75
2021-02-04,78.18,24.61,116.34
2021-02-05,106.44,101.87,106.21
2021-02-08,72.80,63.51,68.11
2021-02-09,61.26,69.80,50.94
2021-02-10,74.93,39.31,104.93
2021-02-11,63.46,50.61,70.36
2021-02-12,73.33,34.40,107.60
2021-02-15,61.24,44.40,64.81
2021-02-16,91.76,82.33,91.56
2021-02-17,104.37,54.29,128.29
2021-02-18,33.67,8.39,56.00
2021-02-19,85.16,25.47,127.46
2021-02-22,71.29,0.00,118.56
2021-02-23,97.43,79.47,103.11
2021-02-24,77.84,34.49,107.88
2021-02-25,46.18,25.11,62.84
2021-02-26,121.14,83.29,166.73
2021-03-01,96.30,76.80,96.09
2021-03-02,137.47,61.89,191.75
2021-03-03,154.59,70.45,220.36
2021-03-04,88.44,32.06,127.03
2021-03-05,88.98,48.39,127.80
2021-03-08,60.40,92.63,23.18
2021-03-09,22.26,17.75,29.62
2021-03-10,57.34,52.77,51.35
2021-03-11,70.39,78.94,80.48
2021-03-12,49.38,16.41,68.43
2021-03-15,111.60,20.23,177.17
2021-03-16,108.84,47.18,149.53
2021-03-17,93.31,50.74,134.02
2021-03-18,134.94,95.47,188.22
2021-03-19,42.85,8.54,64.14
2021-03-22,119.16,38.01,174.39
2021-03-23,99.46,103.47,107.88
2021-03-24,76.44,16.94,120.07
2021-03-25,63.78,33.91,77.79
2021-03-26,69.78,32.74,95.57
2021-03-29,123.24,127.77,98.38
2021-03-30,95.42,99.66,83.13
2021-03-31,76.35,76.11,70.54
2021-04-01,67.70,62.99,90.07
2021-04-02,65.70,54.58,72.85
2021-04-05,74.56,42.47,88.57
2021-04-06,92.79,27.75,131.17
2021-04-07,113.79,67.22,168.21
2021-04-08,32.52,37.05,54.09
2021-04-09,48.01,26.11,65.32
2021-04-12,100.38,120.09,133.55
2021-04-13,95.29,72.38,143.39
2021-04-14,186.30,144.96,294.72
2021-04-15,103.26,41.18,151.12
2021-04-16,95.03,18.05,142.99
2021-04-19,110.42,150.11,100.16
2021-04-20,125.27,129.50,138.88
2021-04-21,166.30,62.73,261.62
2021-04-22,113.77,61.07,145.55
2021-04-23,146.73,115.25,177.47
2021-04-26,54.47,39.49,57.64
2021-04-27,131.65,143.95,98.88
2021-04-28,50.06,33.27,62.44
2021-04-29,47.38,68.71,28.66
2021-04-30,36.40,27.22,37.84
2021-05-03,97.43,86.34,90.02
2021-05-04,93.88,71.31,104.08
2021-05-05,60.39,8.60,93.25
2021-05-06,76.31,53.70,111.97
2021-05-07,55.93,8.58,85.85
2021-05-10,49.00,9.77,73.34
2021-05-11,101.18,78.94,124.37
2021-05-12,63.30,33.65,84.21
2021-05-13,140.43,131.77,144.25
2021-05-14,115.36,73.93,143.89
2021-05-17,92.16,40.83,127.72
2021-05-18,98.59,108.11,114.77
2021-05-19,158.96,92.02,204.67
2021-05-20,125.85,89.62,134.55
2021-05-21,165.85,125.12,171.46
2021-05-24,138.41,101.19,176.47
2021-05-25,170.94,46.06,276.60
2021-05-26,176.61,85.89,243.57
2021-05-27,133.34,49.85,187.10
2021-05-28,140.03,43.62,196.49
2021-05-31,57.55,51.00,63.81
2021-06-01,65.87,18.76,93.90
2021-06-02,68.73,27.41,99.06
2021-06-03,60.07,17.11,85.63
2021-06-04,79.61,52.91,95.62
2021-06-07,54.30,0.00,90.31
2021-06-08,59.73,54.96,68.77
2021-06-09,93.25,53.12,110.77
2021-06-10,85.51,35.90,119.76
2021-06-11,131.48,84.57,155.18
2021-06-14,29.36,19.51,40.69
2021-06-15,73.51,27.48,114.61
2021-06-16,144.79,139.97,124.04
2021-06-17,138.02,18.35,214.24
2021-06-18,84.50,33.70,112.43
2021-06-21,94.50,79.34,99.26
2021-06-22,170.60,37.80,252.20
2021-06-23,41.51,49.66,55.23
2021-06-24,76.66,40.22,100.65
2021-06-25,54.79,42.01,56.07
2021-06-28,97.29,110.85,107.87
2021-06-29,95.69,154.44,60.62
2021-06-30,43.82,61.16,43.72
2021-07-01,64.11,68.18,49.76
2021-07-02,78.98,43.74,102.15
2021-07-05,65.99,78.94,65.84
2021-07-06,63.33,29.14,97.22
2021-07-07,34.78,43.34,21.69
2021-07-08,37.86,28.31,39.35
2021-07-09,32.36,32.26,33.63
2021-07-12,69.74,89.39,41.42
2021-07-13,77.25,81.54,60.46
2021-07-14,56.22,17.24,86.30
2021-07-15,104.51,108.72,98.24
2021-07-16,70.38,28.07,101.44
2021-07-19,50.57,10.08,84.11
2021-07-20,37.43,27.99,38.91
2021-07-21,49.92,45.24,45.28
2021-07-22,95.29,63.33,105.65
2021-07-23,91.79,39.79,119.47
2021-07-26,59.15,49.14,65.58
2021-07-27,79.20,65.03,108.48
2021-07-28,53.30,65.39,47.73
2021-07-29,30.92,8.81,44.07
2021-07-30,80.90,125.46,67.27
2021-08-02,111.95,40.58,160.79
2021-08-03,50.82,46.06,46.10
2021-08-04,89.99,76.90,92.65
2021-08-05,99.66,75.70,110.50
2021-08-06,63.62,16.91,98.75
2021-08-09,42.61,53.09,26.57
2021-08-10,103.37,46.84,140.66
2021-08-11,71.91,47.79,103.64
2021-08-12,76.15,94.90,55.41
2021-08-13,95.29,126.67,60.37
2021-08-16,127.20,95.11,185.10
2021-08-17,157.74,137.60,163.96
2021-08-18,83.16,73.69,99.88
2021-08-19,49.64,9.00,75.05
2021-08-20,68.60,48.85,81.49
2021-08-23,189.93,44.55,297.28
2021-08-24,133.26,151.83,150.39
2021-08-25,47.53,47.38,63.23
2021-08-26,114.39,133.05,134.75
2021-08-27,103.81,141.13,86.32
2021-08-30,107.77,124.40,94.33
2021-08-31,203.01,108.60,288.21
2021-09-01,80.04,88.65,73.95
2021-09-02,106.26,55.27,138.30
2021-09-03,98.69,136.89,92.77
2021-09-06,81.71,137.86,104.54
2021-09-07,117.78,88.06,130.58
2021-09-08,85.30,75.59,86.69
2021-09-09,73.61,36.69,99.47
2021-09-10,65.94,85.07,45.16
2021-09-13,104.92,109.58,91.40
2021-09-14,69.79,37.11,100.59
2021-09-15,65.97,56.37,70.53
2021-09-16,119.12,45.68,160.01
2021-09-17,151.91,48.85,220.03
2021-09-20,59.96,49.81,58.16
2021-09-21,84.71,26.67,118.63
2021-09-22,54.23,45.05,60.13
2021-09-23,68.83,60.04,85.85
2021-09-24,92.75,70.45,110.18
2021-09-27,57.03,47.38,55.33
2021-09-28,96.16,67.10,111.94
2021-09-29,59.40,81.99,83.58
2021-09-30,102.68,62.31,148.49
2021-10-01,68.04,67.83,91.93
2021-10-04,65.81,17.50,102.15
2021-10-05,171.90,120.42,185.44
2021-10-06,56.07,0.00,93.25
2021-10-07,121.31,74.42,139.66
2021-10-08,94.40,25.67,142.72
2021-10-11,50.81,20.26,76.04
2021-10-12,81.57,108.42,52.75
2021-10-13,94.01,116.03,74.45
2021-10-14,55.36,64.39,53.71
2021-10-15,107.15,151.32,74.25
2021-10-18,126.71,27.07,188.15
2021-10-19,133.84,28.59,198.74
2021-10-20,76.41,62.73,104.65
2021-10-21,94.01,80.33,104.22
2021-10-22,86.04,68.62,107.32
2021-10-25,79.63,116.43,123.60
2021-10-26,144.65,105.75,160.38
2021-10-27,102.93,55.97,140.06
2021-10-28,96.13,87.85,99.92
2021-10-29,55.78,25.67,71.36
2021-11-01,124.33,17.71,199.39
2021-11-02,62.87,28.93,96.51
2021-11-03,73.81,60.59,101.08
2021-11-04,122.69,61.16,160.32
2021-11-05,76.94,64.59,101.02
2021-11-08,46.37,71.90,34.27
2021-11-09,84.58,28.11,117.21
2021-11-10,135.30,37.21,193.98
2021-11-11,83.04,45.99,115.09
2021-11-12,101.22,27.52,153.03
2021-11-15,141.16,28.15,211.28
2021-11-16,122.86,56.53,165.03
2021-11-17,126.07,78.01,180.74
2021-11-18,158.17,54.06,217.96
2021-11-19,108.76,81.32,150.73
2021-11-22,128.99,41.15,180.20
2021-11-23,80.91,28.47,118.73
2021-11-24,87.69,126.27,48.61
2021-11-25,118.10,47.09,166.94
2021-11-26,58.98,9.80,98.08
2021-11-29,60.78,20.20,101.08
2021-11-30,92.79,18.50,146.60
2021-12-01,86.94,17.34,130.13
2021-12-02,93.12,26.53,140.12
2021-12-03,106.17,42.34,162.45
2021-12-06,120.54,67.30,184.44
2021-12-07,202.43,155.95,237.19
2021-12-08,145.56,52.77,212.73
2021-12-09,104.56,66.33,150.17
2021-12-10,164.98,112.53,245.49
2021-12-13,110.42,10.48,174.89
2021-12-14,129.90,101.75,177.46
2021-12-15,72.01,26.92,112.28
2021-12-16,136.25,59.43,212.43
2021-12-17,95.44,71.36,125.66
2021-12-20,53.09,21.17,88.29
2021-12-21,101.41,19.26,160.61
2021-12-22,141.34,17.61,227.71
2021-12-23,135.31,59.95,225.03
2021-12-24,135.72,60.13,208.99
2021-12-27,78.87,17.47,131.17
2021-12-28,58.89,14.68,85.70
2021-12-29,37.89,21.58,63.01
2021-12-30,147.23,56.45,197.76
2021-12-31,76.59,0.00,127.38
2022-01-03,52.34,14.91,74.61
2022-01-04,88.96,10.43,139.25
2022-01-05,96.48,82.44,137.53
2022-01-06,70.01,69.80,65.50
2022-01-07,118.96,72.98,182.62
2022-01-10,130.01,51.84,172.97
2022-01-11,188.91,78.84,270.34
2022-01-12,78.21,36.69,114.77
2022-01-13,170.65,100.07,250.41
2022-01-14,133.57,17.75,207.33
2022-01-17,109.27,137.60,86.08
2022-01-18,138.82,114.53,151.26
2022-01-19,153.56,52.49,233.49
2022-01-20,136.37,26.31,212.17
2022-01-21,185.75,88.18,242.72
2022-01-24,185.80,42.34,282.51
2022-01-25,291.58,123.90,397.48
2022-01-26,260.34,71.60,425.49
2022-01-27,265.01,79.26,411.34
2022-01-28,182.23,80.74,282.86
2022-01-31,142.99,19.01,237.80
2022-02-01,190.59,54.29,286.77
2022-02-02,250.32,58.23,395.48
2022-02-03,176.29,40.87,272.72
2022-02-04,92.57,64.20,107.10
2022-02-07,195.15,29.93,299.58
2022-02-08,158.39,81.21,225.78
2022-02-09,117.18,35.94,172.39
2022-02-10,108.54,17.31,173.28
2022-02-11,179.28,73.12,250.72
2022-02-14,191.89,70.48,285.53
2022-02-15,229.06,87.83,380.94
2022-02-16,223.47,61.16,371.64
2022-02-17,228.45,91.10,334.34
2022-02-18,226.35,147.54,318.52
2022-02-21,152.37,135.02,244.01
2022-02-22,279.43,121.56,439.37
2022-02-23,431.02,183.47,692.65
2022-02-24,370.70,189.52,545.37
2022-02-25,515.89,162.41,797.75
2022-02-28,452.62,218.17,678.29
2022-03-01,540.83,287.55,809.49
2022-03-02,523.52,203.22,778.20
2022-03-03,436.82,353.83,552.41
2022-03-04,350.07,226.85,465.75
2022-03-07,362.31,247.68,473.43
2022-03-08,352.11,360.26,408.36
2022-03-09,295.31,179.20,391.47
2022-03-10,352.40,384.11,343.82
2022-03-11,410.33,289.76,497.59
2022-03-14,350.11,204.05,492.68
2022-03-15,311.88,207.28,400.80
2022-03-16,473.22,343.91,632.54
2022-03-17,290.33,227.75,348.27
2022-03-18,285.32,202.48,394.07
2022-03-21,227.74,227.04,223.80
2022-03-22,244.84,201.01,295.41
2022-03-23,267.47,297.42,342.17
2022-03-24,317.01,265.66,420.24
2022-03-25,350.74,328.08,424.88
2022-03-28,281.92,319.38,277.05
2022-03-29,233.36,181.57,283.97
2022-03-30,233.51,270.69,243.84
2022-03-31,254.81,220.89,331.65
2022-04-01,188.16,167.83,205.87
2022-04-04,163.02,143.02,184.36
2022-04-05,212.42,137.36,276.88
2022-04-06,175.75,116.80,247.99
2022-04-07,243.42,232.12,290.41
2022-04-08,219.48,152.65,263.14
2022-04-11,195.23,226.02,240.89
2022-04-12,226.25,219.77,260.50
2022-04-13,258.88,305.48,254.80
2022-04-14,265.66,302.67,279.51
2022-04-15,168.44,186.57,186.75
2022-04-18,218.63,184.93,264.43
2022-04-19,213.52,243.27,223.20
2022-04-20,189.61,166.79,250.41
2022-04-21,128.26,111.19,139.12
2022-04-22,246.80,218.70,319.23
2022-04-25,246.90,232.47,285.15
2022-04-26,160.54,160.05,169.10
2022-04-27,186.70,127.63,239.52
2022-04-28,176.38,131.88,219.99
2022-04-29,148.94,143.36,170.82
2022-05-02,96.67,128.50,107.18
2022-05-03,157.47,156.99,187.06
2022-05-04,163.45,217.26,172.16
2022-05-05,144.70,144.25,171.89
2022-05-06,174.07,178.79,192.99
2022-05-09,150.87,170.02,174.54
2022-05-10,143.25,190.41,158.82
2022-05-11,176.38,175.83,210.83
2022-05-12,158.26,174.10,163.36
2022-05-13,162.08,141.39,210.59
2022-05-16,168.75,174.46,197.49
2022-05-17,174.62,158.26,220.01
2022-05-18,165.90,128.04,195.80
2022-05-19,162.38,129.50,189.03
2022-05-20,140.96,90.34,200.94
2022-05-23,150.31,115.27,173.06
2022-05-24,222.36,295.57,265.49
2022-05-25,155.10,209.85,147.40
2022-05-26,134.57,72.24,172.16
2022-05-27,155.52,124.03,181.05
2022-05-30,115.82,138.56,128.42
2022-05-31,190.31,177.87,217.59
2022-06-01,168.34,162.41,207.72
2022-06-02,142.59,120.29,164.18
2022-06-03,142.78,102.49,189.97
2022-06-06,190.13,145.80,231.06
2022-06-07,139.03,108.47,201.06
2022-06-08,152.37,146.27,178.32
2022-06-09,115.55,76.80,155.57
2022-06-10,94.35,52.25,122.03
2022-06-13,147.23,146.77,163.23
2022-06-14,136.37,113.29,188.99
2022-06-15,110.05,120.68,91.51
2022-06-16,132.28,109.90,128.33
2022-06-17,114.05,82.69,137.94
2022-06-20,115.72,115.37,144.34
2022-06-21,116.77,98.03,153.31
2022-06-22,121.32,126.21,131.58
2022-06-23,143.56,190.83,141.48
2022-06-24,149.36,106.36,204.04
2022-06-27,132.00,100.26,177.71
2022-06-28,200.76,189.02,241.14
2022-06-29,181.89,186.82,238.33
2022-06-30,173.21,151.09,225.04
2022-07-01,119.08,107.92,153.03
2022-07-04,80.44,87.48,97.29
2022-07-05,109.65,138.08,86.38
2022-07-06,138.99,150.11,134.84
2022-07-07,88.63,66.27,110.55
2022-07-08,110.42,83.87,122.42
2022-07-11,112.85,52.94,154.56
2022-07-12,113.64,147.28,113.39
2022-07-13,182.87,145.85,217.23
2022-07-14,165.35,98.91,210.83
2022-07-15,192.03,148.90,239.52
2022-07-18,128.71,162.08,135.19
2022-07-19,151.08,89.25,223.34
2022-07-20,149.56,55.22,239.52
2022-07-21,117.51,100.41,158.20
2022-07-22,125.48,40.03,200.33
2022-07-25,109.56,38.55,160.77
2022-07-26,160.86,154.43,178.35
2022-07-27,145.54,127.68,154.91
2022-07-28,106.68,95.72,124.20
2022-07-29,68.25,52.34,87.31
2022-08-01,130.93,117.48,163.31
2022-08-02,204.48,116.49,262.33
2022-08-03,210.23,124.62,264.58
2022-08-04,212.05,148.55,285.93
2022-08-05,163.93,112.71,206.82
2022-08-08,149.10,103.40,204.84
2022-08-09,212.57,153.05,255.32
2022-08-10,80.65,68.92,86.23
2022-08-11,130.27,136.05,154.75
2022-08-12,182.54,160.57,205.36
2022-08-15,110.42,90.65,108.02
2022-08-16,96.54,96.24,100.35
2022-08-17,156.09,138.32,173.06
2022-08-18,100.74,59.08,137.97
2022-08-19,117.68,129.04,146.78
2022-08-22,101.73,76.06,137.46
2022-08-23,145.34,144.89,171.21
2022-08-24,102.45,56.74,141.98
2022-08-25,149.12,169.90,141.71
2022-08-26,108.25,86.34,135.02
2022-08-29,120.46,146.77,144.68
2022-08-30,115.27,60.48,171.53
2022-08-31,97.75,119.10,72.25
2022-09-01,187.71,198.14,202.00
2022-09-02,84.13,94.35,78.70
2022-09-05,83.96,45.65,101.55
2022-09-06,119.16,95.03,148.62
2022-09-07,124.29,86.20,170.75
2022-09-08,99.43,93.91,130.55
2022-09-09,94.33,55.32,129.19
2022-09-12,111.96,131.31,109.52
2022-09-13,132.26,143.84,179.97
2022-09-14,202.93,178.51,238.23
2022-09-15,95.61,156.99,56.12
2022-09-16,127.41,105.85,176.57
2022-09-19,122.18,67.67,158.05
2022-09-20,109.77,90.12,139.60
2022-09-21,189.75,162.15,261.48
2022-09-22,225.86,150.11,348.78
2022-09-23,187.80,93.61,277.62
2022-09-26,163.02,104.01,216.89
2022-09-27,155.89,99.90,240.73
2022-09-28,202.59,185.59,282.28
2022-09-29,156.94,122.93,186.43
2022-09-30,162.74,104.67,227.00
2022-10-03,123.90,91.01,195.20
2022-10-04,164.21,90.32,254.26
2022-10-05,171.15,121.09,229.54
2022-10-06,202.70,148.90,257.26
2022-10-07,144.24,39.67,239.88
2022-10-10,193.34,256.99,203.64
2022-10-11,228.25,256.72,233.60
2022-10-12,181.95,149.38,258.10
2022-10-13,133.84,100.07,166.94
2022-10-14,147.23,94.35,183.63
2022-10-17,171.67,139.45,200.90
2022-10-18,128.98,58.45,195.01
2022-10-19,160.19,148.29,190.29
2022-10-20,159.92,148.04,180.47
2022-10-21,174.35,115.87,237.23
2022-10-24,93.58,37.31,124.50
2022-10-25,139.72,69.65,193.64
2022-10-26,133.39,110.82,138.65
2022-10-27,180.49,201.11,220.71
2022-10-28,203.69,128.25,267.43
2022-10-31,113.79,138.65,105.13
2022-11-01,136.88,163.75,127.48
2022-11-02,150.82,75.18,214.99
2022-11-03,186.55,120.63,251.55
2022-11-04,115.89,115.53,136.52
2022-11-07,139.72,104.47,183.96
2022-11-08,225.74,146.54,305.57
2022-11-09,137.41,156.56,163.23
2022-11-10,98.15,127.20,81.61
2022-11-11,111.09,110.75,125.97
2022-11-14,188.93,163.24,198.99
2022-11-15,196.51,100.75,280.12
2022-11-16,170.58,164.57,183.02
2022-11-17,153.21,158.01,193.30
2022-11-18,77.71,67.79,88.85
2022-11-21,107.63,83.45,159.10
2022-11-22,105.25,143.58,119.76
2022-11-23,105.60,99.74,138.65
2022-11-24,46.47,39.71,44.16
2022-11-25,80.51,80.27,76.51
2022-11-28,88.00,25.07,146.35
2022-11-29,100.55,66.83,111.48
2022-11-30,81.59,21.69,126.64
2022-12-01,65.95,40.46,84.36
2022-12-02,109.10,138.42,123.71
2022-12-05,98.97,139.29,106.50
2022-12-06,139.10,133.53,162.79
2022-12-07,127.41,74.09,150.09
2022-12-08,140.96,97.29,171.31
2022-12-09,117.31,55.69,176.51
2022-12-12,158.37,157.88,153.64
2022-12-13,152.63,146.52,150.42
2022-12-14,133.39,166.23,138.65
2022-12-15,73.61,45.16,84.75
2022-12-16,98.80,127.46,96.65
2022-12-19,171.46,164.09,159.68
2022-12-20,132.74,132.34,130.45
2022-12-21,169.54,169.02,195.20
2022-12-22,159.00,184.93,165.27
2022-12-23,114.93,161.75,78.70
2022-12-26,64.70,51.60,64.56
2022-12-27,146.82,128.07,152.60
2022-12-28,151.89,86.53,192.45
2022-12-29,116.49,101.61,121.08
2022-12-30,150.23,194.70,112.43
2023-01-02,117.05,93.35,155.73
2023-01-03,198.45,167.40,215.79
2023-01-04,94.29,100.26,94.08
2023-01-05,100.74,118.15,88.70
2023-01-06,88.73,106.15,88.54
2023-01-09,86.13,52.84,99.16
2023-01-10,114.62,102.84,114.37
2023-01-11,129.44,82.12,156.56
2023-01-12,114.45,126.77,105.74
2023-01-13,103.70,80.41,124.55
2023-01-16,107.10,152.53,114.51
2023-01-17,127.41,88.91,169.51
2023-01-18,76.78,65.61,100.33
2023-01-19,115.06,120.74,110.78
2023-01-20,152.37,123.77,168.93
2023-01-23,87.71,80.71,78.54
2023-01-24,89.98,67.28,121.59
2023-01-25,110.61,116.08,106.50
2023-01-26,71.49,83.15,59.45
2023-01-27,120.77,172.00,86.08
2023-01-30,155.17,94.16,213.18
2023-01-31,148.32,153.34,146.18
2023-02-01,108.70,114.07,123.69
2023-02-02,130.60,118.36,167.84
2023-02-03,116.33,99.40,128.97
2023-02-06,112.53,126.21,128.66
2023-02-07,138.02,125.09,166.94
2023-02-08,134.98,67.28,187.06
2023-02-09,169.59,169.06,188.02
2023-02-10,147.88,153.32,167.24
2023-02-13,110.42,142.46,86.42
2023-02-14,82.67,35.32,127.66
2023-02-15,119.27,86.48,144.26
2023-02-16,134.75,123.14,149.40
2023-02-17,106.10,58.76,156.84
2023-02-20,146.03,76.62,204.51
2023-02-21,174.98,132.34,220.76
2023-02-22,150.31,149.85,173.06
2023-02-23,127.87,145.69,121.52
2023-02-24,110.97,88.51,147.65
2023-02-27,125.63,92.28,142.95
2023-02-28,146.95,146.50,162.93
2023-03-01,92.77,97.93,108.91
2023-03-02,121.40,149.85,115.37
2023-03-03,154.63,213.44,128.58
2023-03-06,106.86,53.26,133.28
2023-03-07,161.43,90.12,204.04
2023-03-08,125.93,54.58,173.01
2023-03-09,147.48,79.17,198.10
2023-03-10,113.44,67.86,141.50
2023-03-13,144.30,87.56,177.37
2023-03-14,117.31,122.52,148.64
2023-03-15,101.75,101.44,122.21
2023-03-16,112.81,163.58,119.39
2023-03-17,85.23,90.63,103.94
2023-03-20,94.07,80.38,111.74
2023-03-21,129.90,141.28,157.12
2023-03-22,114.43,48.03,170.28
2023-03-23,100.57,75.20,125.44
2023-03-24,72.62,55.69,83.61
2023-03-27,120.95,53.59,167.62
2023-03-28,76.76,47.09,98.20
2023-03-29,79.96,79.71,75.99
2023-03-30,129.30,110.49,133.12
2023-03-31,90.45,45.08,122.21
2023-04-03,84.60,64.88,97.41
2023-04-04,119.43,75.20,146.35
2023-04-05,117.88,105.77,147.04
2023-04-06,173.69,123.68,226.96
2023-04-07,169.01,134.79,224.86
2023-04-10,142.78,56.94,201.84
2023-04-11,92.75,52.84,110.18
2023-04-12,119.43,112.79,114.99
2023-04-13,126.19,75.48,167.89
2023-04-14,119.80,47.77,169.35
2023-04-17,91.62,98.37,93.77
2023-04-18,106.86,146.48,88.85
2023-04-19,158.03,169.66,151.62
2023-04-20,95.67,107.30,79.55
2023-04-21,140.05,97.13,162.03
2023-04-24,159.47,86.71,204.93
2023-04-25,180.23,173.48,165.37
2023-04-26,105.35,116.69,97.33
2023-04-27,117.88,164.53,88.22
2023-04-28,117.88,117.52,107.83
2023-05-01,104.61,111.24,127.58
2023-05-02,77.04,89.60,53.38
2023-05-03,149.53,160.53,133.90
2023-05-04,118.08,136.31,103.36
2023-05-05,69.74,23.17,106.31
2023-05-08,51.76,58.97,49.19
2023-05-09,116.35,150.11,102.44
2023-05-10,118.52,70.89,147.83
2023-05-11,137.28,71.40,178.67
2023-05-12,146.22,100.53,184.47
2023-05-15,135.87,116.10,150.64
2023-05-16,137.53,143.06,119.33
2023-05-17,89.38,11.14,139.35
2023-05-18,125.22,102.14,151.45
2023-05-19,160.85,140.31,158.83
2023-05-22,78.25,39.00,108.45
2023-05-23,183.69,146.50,213.84
2023-05-24,115.22,80.41,153.29
2023-05-25,106.29,117.73,137.48
2023-05-26,61.34,55.60,64.92
2023-05-29,44.97,44.83,49.86
2023-05-30,111.29,65.26,141.54
2023-05-31,219.58,137.60,281.71
2023-06-01,182.40,140.78,225.06
2023-06-02,129.57,123.56,159.27
2023-06-05,107.09,42.70,142.47
2023-06-06,133.47,133.06,131.17
2023-06-07,142.29,158.88,123.05
2023-06-08,78.74,78.49,84.18
2023-06-09,96.33,53.35,124.60
2023-06-12,65.73,65.52,54.65
2023-06-13,77.17,59.18,108.60
2023-06-14,72.13,77.44,73.82
2023-06-15,158.32,133.55,182.28
2023-06-16,111.43,90.89,117.93
2023-06-19,107.78,100.29,107.55
2023-06-20,142.78,102.49,180.47
2023-06-21,127.87,72.85,162.03
2023-06-22,154.50,98.58,185.00
2023-06-23,46.41,46.27,38.59
2023-06-26,169.51,140.83,211.43
2023-06-27,118.31,94.35,167.24
2023-06-28,82.54,109.71,82.36
2023-06-29,120.90,72.31,160.85
2023-06-30,102.67,86.20,125.82
2023-07-03,45.38,38.78,53.90
2023-07-04,109.93,116.90,109.69
2023-07-05,89.85,95.55,109.58
2023-07-06,172.66,140.26,202.07
2023-07-07,120.56,171.70,85.93
2023-07-10,138.30,105.05,164.28
2023-07-11,141.35,134.79,122.65
2023-07-12,203.19,110.49,255.99
2023-07-13,80.51,57.33,95.64
2023-07-14,151.37,104.47,193.64
2023-07-17,110.85,91.01,119.29
2023-07-18,151.43,138.39,167.89
2023-07-19,188.83,139.84,260.20
2023-07-20,127.64,145.43,141.52
2023-07-21,112.39,106.15,127.89
2023-07-24,143.43,163.42,159.02
2023-07-25,61.72,54.70,68.43
2023-07-26,84.08,55.88,93.22
2023-07-27,132.50,60.04,190.31
2023-07-28,130.33,97.45,162.56
2023-07-31,154.40,111.94,175.07
2023-08-01,116.91,103.60,140.43
2023-08-02,132.76,138.65,147.19
2023-08-03,88.73,106.15,88.54
2023-08-04,119.37,95.20,119.11
2023-08-07,117.57,96.52,115.01
2023-08-08,108.30,88.91,127.13
2023-08-09,105.72,93.68,97.68
2023-08-10,131.01,124.38,145.25
2023-08-11,142.36,76.42,200.33
2023-08-14,114.97,143.27,119.50
2023-08-15,114.64,72.18,140.48
2023-08-16,100.02,105.58,127.21
2023-08-17,116.03,69.40,154.37
2023-08-18,77.42,33.08,110.36
2023-08-21,97.22,83.08,103.94
2023-08-22,81.10,62.19,83.00
2023-08-23,126.71,96.24,130.45
2023-08-24,61.57,49.11,71.68
2023-08-25,40.26,11.47,66.95
2023-08-28,75.44,68.37,79.84
2023-08-29,115.63,40.69,169.68
2023-08-30,163.30,116.28,213.38
2023-08-31,117.42,110.90,102.78
2023-09-01,73.49,45.08,84.61
2023-09-04,100.62,61.73,115.84
2023-09-05,121.79,24.28,182.28
2023-09-06,76.63,47.01,88.22
2023-09-07,80.34,61.61,92.50
2023-09-08,80.14,95.88,88.85
2023-09-11,93.50,39.95,122.18
2023-09-12,164.97,65.78,230.46
2023-09-13,134.78,31.01,198.29
2023-09-14,119.94,102.49,123.48
2023-09-15,106.68,85.09,133.07
2023-09-18,114.69,94.16,168.30
2023-09-19,207.42,97.31,314.51
2023-09-20,190.11,206.76,258.68
2023-09-21,162.91,108.27,225.78
2023-09-22,131.63,109.35,164.18
2023-09-25,109.96,41.11,171.44
2023-09-26,81.25,24.92,114.34
2023-09-27,101.47,47.60,138.97
2023-09-28,64.38,58.35,68.13
2023-09-29,86.41,91.89,76.65
2023-10-02,63.46,37.96,84.43
2023-10-03,107.05,83.00,148.36
2023-10-04,61.24,66.60,64.81
2023-10-05,54.30,36.09,70.24
2023-10-06,161.31,91.89,220.36
2023-10-09,227.07,279.64,211.03
2023-10-10,259.08,282.88,297.51
2023-10-11,265.93,265.11,278.82
2023-10-12,218.01,229.42,221.57
2023-10-13,287.31,292.05,318.55
2023-10-16,290.34,381.55,296.30
2023-10-17,274.52,267.60,324.66
2023-10-18,333.01,349.46,359.49
2023-10-19,338.85,431.00,330.35
2023-10-20,298.63,363.87,331.09
2023-10-23,312.77,467.72,307.37
2023-10-24,250.01,286.62,249.46
2023-10-25,208.09,224.27,224.48
2023-10-26,168.44,223.89,155.62
2023-10-27,251.86,283.84,236.75
2023-10-30,205.43,192.00,213.53
2023-10-31,172.08,208.31,173.75
2023-11-01,251.73,262.36,247.38
2023-11-02,219.58,287.71,198.24
2023-11-03,174.92,261.57,109.09
2023-11-06,182.90,229.61,146.46
2023-11-07,140.21,174.73,106.88
2023-11-08,132.50,204.15,120.20
2023-11-09,201.48,259.94,177.39
2023-11-10,180.98,229.64,164.18
2023-11-13,131.05,159.68,84.75
2023-11-14,148.23,141.35,160.77
2023-11-15,130.60,94.69,148.09
2023-11-16,170.86,219.79,155.83
2023-11-17,149.48,178.83,119.33
2023-11-20,204.90,217.89,227.18
2023-11-21,96.48,141.07,85.58
2023-11-22,191.44,127.24,231.55
2023-11-23,175.45,223.89,128.39
2023-11-24,152.79,231.53,111.81
2023-11-27,166.35,173.05,180.43
2023-11-28,184.38,215.51,169.18
2023-11-29,88.78,143.82,55.37
2023-11-30,178.90,230.13,163.16
2023-12-01,94.81,106.34,88.70
2023-12-04,194.86,259.01,151.23
2023-12-05,89.69,59.61,109.38
2023-12-06,131.24,177.94,113.50
2023-12-07,194.16,175.97,215.27
2023-12-08,153.52,188.37,137.48
2023-12-11,153.77,140.53,149.18
2023-12-12,167.42,166.91,178.99
2023-12-13,192.79,244.62,194.32
2023-12-14,148.68,213.44,118.69
2023-12-15,169.26,204.89,211.11
2023-12-18,144.02,237.22,83.31
2023-12-19,187.76,240.66,156.13
2023-12-20,143.77,229.33,95.64
2023-12-21,114.02,143.58,99.80
2023-12-22,89.37,71.27,138.72
2023-12-25,136.40,194.26,97.22
2023-12-26,139.57,222.63,92.85
2023-12-27,180.18,234.90,138.30
2023-12-28,122.69,143.89,96.02
2023-12-29,221.28,213.92,301.10
2024-01-01,167.60,275.20,114.77
2024-01-02,131.12,192.64,91.82
2024-01-03,149.39,259.01,108.02
2024-01-04,180.69,240.17,155.81
2024-01-05,167.49,197.89,165.06
2024-01-08,106.63,141.73,106.40
2024-01-09,241.27,299.03,206.05
2024-01-10,118.10,129.50,108.02
2024-01-11,165.31,190.16,148.03
2024-01-12,210.59,238.32,189.31
2024-01-15,106.40,141.43,94.37
2024-01-16,193.39,286.08,145.25
2024-01-17,176.20,234.21,175.82
2024-01-18,167.49,160.79,206.33
2024-01-19,207.41,212.68,246.38
2024-01-22,186.62,239.21,121.93
2024-01-23,169.07,249.71,124.97
2024-01-24,159.14,235.04,107.83
2024-01-25,202.29,252.09,210.27
2024-01-26,141.32,191.61,112.81
2024-01-29,140.53,200.14,144.68
2024-01-30,206.28,254.03,171.53
2024-01-31,205.61,250.52,170.97
2024-02-01,147.50,159.30,143.09
2024-02-02,171.52,245.81,169.37
2024-02-05,125.88,145.30,121.20
2024-02-06,118.75,162.00,62.37
2024-02-07,100.38,144.55,74.20
2024-02-08,116.23,162.22,77.32
2024-02-09,194.53,277.04,175.62
2024-02-12,156.39,184.25,189.15
2024-02-13,187.86,262.19,135.38
2024-02-14,135.81,153.05,137.48
2024-02-15,214.81,247.96,216.22
2024-02-16,160.93,133.70,167.28
2024-02-19,167.82,218.22,109.21
2024-02-20,170.21,221.90,141.54
2024-02-21,193.75,236.77,197.49
2024-02-22,219.58,125.09,302.58
2024-02-23,167.07,149.32,191.62
2024-02-26,200.97,276.35,149.83
2024-02-27,166.86,98.58,215.84
2024-02-28,177.46,188.71,157.40
2024-02-29,153.25,141.03,166.64
2024-03-01,155.18,130.90,188.60
2024-03-04,170.75,177.03,159.02
2024-03-05,83.46,102.40,85.41
2024-03-06,108.02,95.72,99.80
2024-03-07,122.23,146.23,91.48
2024-03-08,183.72,177.61,194.44
2024-03-11,155.81,202.60,157.72
2024-03-12,199.55,172.41,232.31
2024-03-13,149.75,179.15,129.51
2024-03-14,187.15,248.77,155.62
2024-03-15,138.02,183.47,105.21
2024-03-18,147.65,128.00,149.47
2024-03-19,183.30,221.90,152.42
2024-03-20,116.03,138.80,115.78
2024-03-21,130.51,148.70,103.36
2024-03-22,125.00,135.95,122.84
2024-03-25,187.99,245.58,140.15
2024-03-26,165.63,203.22,158.91
2024-03-27,126.74,149.32,105.39
2024-03-28,99.63,111.73,82.84
2024-03-29,126.19,113.22,136.41
2024-04-01,123.22,144.52,132.60
2024-04-02,197.96,249.98,197.53
2024-04-03,181.87,194.26,162.03
2024-04-04,160.98,172.83,123.57
2024-04-05,142.05,158.60,170.09
2024-04-08,126.33,153.92,81.70
2024-04-09,171.76,159.00,173.43
2024-04-10,208.52,261.34,168.44
2024-04-11,123.34,117.11,136.75
2024-04-12,161.33,160.83,160.98
2024-04-15,230.79,230.08,237.07
2024-04-16,340.54,283.94,453.08
2024-04-17,227.50,221.26,267.61
2024-04-18,155.67,136.56,196.75
2024-04-19,208.12,184.43,269.20
2024-04-22,162.91,81.21,248.36
2024-04-23,148.32,110.90,164.45
2024-04-24,139.23,150.37,154.37
2024-04-25,172.40,171.87,143.36
2024-04-26,150.83,138.80,154.37
2024-04-29,191.11,197.58,188.34
2024-04-30,167.80,123.92,196.38
2024-05-01,130.76,111.73,124.26
2024-05-02,137.77,214.98,59.77
2024-05-03,110.42,127.46,115.98
2024-05-06,93.62,172.30,23.95
2024-05-07,176.27,133.31,252.71
2024-05-08,163.58,198.03,126.31
2024-05-09,145.40,126.04,136.67
2024-05-10,185.28,223.89,186.75
2024-05-13,177.11,235.42,152.72
2024-05-14,154.67,167.05,150.05
2024-05-15,129.21,81.97,166.05
2024-05-16,124.90,129.93,144.50
2024-05-17,181.66,170.44,204.37
2024-05-20,135.08,115.42,149.76
2024-05-21,165.28,151.04,171.80
2024-05-22,140.05,121.41,172.16
2024-05-23,101.83,83.60,139.47
2024-05-24,116.64,81.40,126.09
2024-05-27,145.43,64.44,188.11
2024-05-28,143.46,104.01,162.67
2024-05-29,135.44,112.52,168.93
2024-05-30,93.58,111.94,83.00
2024-05-31,156.50,195.02,108.45
2024-06-03,111.11,83.08,127.04
2024-06-04,110.21,109.88,122.20
2024-06-05,119.32,135.95,113.39
2024-06-06,122.01,145.96,111.60
2024-06-07,122.69,166.79,92.74
2024-06-10,107.29,120.33,144.97
2024-06-11,121.79,133.55,131.65
2024-06-12,117.68,140.78,88.07
2024-06-13,133.47,157.26,110.99
2024-06-14,90.14,67.40,121.80
2024-06-17,120.95,133.97,111.74
2024-06-18,142.94,148.70,165.37
2024-06-19,114.89,89.08,137.99
2024-06-20,177.01,151.25,231.29
2024-06-21,128.30,46.51,184.28
2024-06-24,212.61,232.47,205.30
2024-06-25,109.99,103.20,150.64
2024-06-26,128.58,109.88,183.29
2024-06-27,120.68,72.18,170.59
2024-06-28,121.46,143.10,128.54
2024-07-01,71.45,90.65,54.01
2024-07-02,79.60,97.67,91.65
2024-07-03,107.82,131.38,99.62
2024-07-04,90.28,83.08,80.84
2024-07-05,73.11,56.07,74.83
2024-07-08,89.18,88.91,127.13
2024-07-09,90.05,89.77,96.27
2024-07-10,124.67,177.55,88.85
2024-07-11,127.85,139.05,125.64
2024-07-12,86.32,64.54,98.70
2024-07-15,67.88,121.81,22.58
2024-07-16,68.24,49.47,92.85
2024-07-17,105.26,86.42,113.27
2024-07-18,133.52,126.77,126.89
2024-07-19,143.77,126.13,162.59
2024-07-22,130.04,136.46,136.59
2024-07-23,36.47,36.36,30.32
2024-07-24,78.87,84.68,70.63
2024-07-25,91.54,114.07,85.63
2024-07-26,95.77,89.86,103.06
2024-07-29,124.38,65.26,174.20
2024-07-30,107.07,93.40,111.29
2024-07-31,112.86,101.27,168.93
2024-08-01,133.20,161.65,144.47
2024-08-02,191.22,246.70,187.06
2024-08-05,187.00,119.84,211.03
2024-08-06,131.50,124.85,166.62
2024-08-07,172.72,221.39,153.88
2024-08-08,174.67,199.01,134.87
2024-08-09,151.34,201.16,111.86
2024-08-12,118.31,170.36,98.38
2024-08-13,151.60,181.37,126.06
2024-08-14,175.77,188.71,191.13
2024-08-15,139.61,101.22,168.86
2024-08-16,118.94,166.01,118.69
2024-08-19,136.53,186.25,83.65
2024-08-20,151.47,183.83,98.57
2024-08-21,140.69,114.75,148.89
2024-08-22,184.37,159.30,183.97
2024-08-23,143.76,203.04,99.62
2024-08-26,176.03,191.44,172.99
2024-08-27,174.35,141.62,171.82
2024-08-28,156.19,220.59,119.06
2024-08-29,132.50,176.13,94.44
2024-08-30,166.55,258.29,102.59
2024-09-02,145.51,204.80,99.65
2024-09-03,171.23,144.44,208.09
2024-09-04,180.32,226.37,177.71
2024-09-05,141.97,165.12,127.89
2024-09-06,100.38,100.07,102.02
2024-09-09,146.76,97.54,185.96
2024-09-10,97.61,85.14,131.89
2024-09-11,212.91,249.71,197.87
2024-09-12,103.11,64.25,117.90
2024-09-13,185.64,219.77,125.42
2024-09-16,88.97,81.88,79.68
2024-09-17,100.79,80.38,111.74
2024-09-18,122.01,145.96,101.46
2024-09-19,93.75,137.08,62.37
2024-09-20,175.54,191.93,188.34
2024-09-23,158.10,150.11,212.85
2024-09-24,161.12,154.20,171.49
2024-09-25,175.30,132.58,231.22
2024-09-26,240.48,263.71,289.95
2024-09-27,134.85,116.90,136.51
2024-09-30,160.49,179.20,160.15
2024-10-01,135.87,232.20,75.32
2024-10-02,178.71,216.34,191.06
2024-10-03,237.06,223.89,321.62
2024-10-04,144.28,161.09,143.96
2024-10-07,80.63,107.18,67.05
2024-10-08,98.59,91.73,120.24
2024-10-09,137.03,142.55,128.81
2024-10-10,119.59,178.83,69.61
2024-10-11,157.45,217.34,151.07
2024-10-14,151.47,210.09,87.62
2024-10-15,125.71,112.79,125.44
2024-10-16,117.64,123.45,102.97
2024-10-17,104.24,57.73,134.84
2024-10-18,124.89,130.43,118.69
2024-10-21,119.06,111.71,139.76
2024-10-22,214.15,173.46,222.59
2024-10-23,215.39,207.32,209.98
2024-10-24,136.47,160.79,123.80
2024-10-25,170.03,233.80,136.51
2024-10-28,145.17,171.04,131.69
2024-10-29,160.80,102.60,213.94
2024-10-30,133.96,157.83,151.90
2024-10-31,133.90,174.11,77.46
2024-11-01,131.07,130.67,128.81
2024-11-04,114.69,107.61,134.64
2024-11-05,57.44,38.18,63.69
2024-11-06,120.14,114.07,123.69
2024-11-07,98.80,115.87,115.98
2024-11-08,108.89,68.56,152.50
2024-11-11,154.23,147.07,178.43
2024-11-12,106.86,93.21,155.50
2024-11-13,116.55,97.85,122.42
2024-11-14,58.63,35.07,68.25
2024-11-15,97.59,118.91,108.20
2024-11-18,253.14,346.10,192.45
2024-11-19,197.48,152.42,233.07
2024-11-20,195.19,160.25,267.33
2024-11-21,193.79,217.34,241.71
2024-11-22,102.10,67.86,122.63
2024-11-25,123.71,164.43,91.44
2024-11-26,169.26,192.84,130.69
2024-11-27,199.63,236.33,176.37
2024-11-28,176.28,161.09,195.44
2024-11-29,226.97,293.54,234.64
2024-12-02,197.00,320.05,121.34
2024-12-03,164.99,189.79,168.86
2024-12-04,136.60,95.33,147.66
2024-12-05,127.66,107.18,167.62
2024-12-06,150.85,156.40,150.52
2024-12-09,170.97,298.28,71.08
2024-12-10,194.50,254.49,202.17
2024-12-11,153.94,181.89,142.23
2024-12-12,233.83,323.76,140.43
2024-12-13,191.36,249.98,131.69
2024-12-16,194.04,179.63,207.45
2024-12-17,133.30,93.02,166.27
2024-12-18,182.29,187.99,229.98
2024-12-19,152.59,202.83,137.46
2024-12-20,128.64,153.90,106.97
2024-12-23,146.57,102.29,158.44
2024-12-24,143.37,135.40,150.59
2024-12-25,120.14,102.66,171.26
2024-12-26,132.86,158.94,88.38
2024-12-27,168.56,219.18,121.88
2024-12-30,108.20,82.97,110.73
2024-12-31,63.40,79.00,52.72
2025-01-01,113.16,143.58,68.43
2025-01-02,198.89,273.49,102.65
2025-01-03,137.50,137.08,155.92
2025-01-06,98.32,120.63,62.89
2025-01-07,118.53,62.19,166.00
2025-01-08,70.48,51.10,85.25
2025-01-09,123.83,86.42,144.16
2025-01-10,65.77,59.61,69.61
2025-01-13,107.55,71.48,155.02
2025-01-14,148.52,90.12,204.04
2025-01-15,147.09,152.51,156.56
2025-01-16,92.98,115.87,67.65
2025-01-17,88.34,66.05,101.00
2025-01-20,151.89,173.05,120.28
2025-01-21,50.29,37.60,62.72
2025-01-22,157.46,174.42,145.48
2025-01-23,126.48,120.09,130.21
2025-01-24,148.88,116.62,194.54
2025-01-27,197.66,271.80,192.70
2025-01-28,164.41,194.26,151.90
2025-01-29,105.26,86.42,113.27
2025-01-30,120.90,72.31,140.74
2025-01-31,110.42,69.52,135.31
2025-02-03,146.63,146.18,144.10
2025-02-04,141.71,153.05,127.66
2025-02-05,135.57,117.52,156.84
2025-02-06,150.85,108.27,180.62
2025-02-07,118.94,130.43,98.90
2025-02-10,121.01,105.56,138.35
2025-02-11,119.80,83.60,149.43
2025-02-12,95.37,76.06,116.31
2025-02-13,167.72,179.15,189.28
2025-02-14,119.53,102.14,123.05
2025-02-17,156.25,155.77,194.89
2025-02-18,217.61,180.79,251.32
2025-02-19,166.24,171.87,174.08
2025-02-20,265.49,336.85,200.69
2025-02-21,181.82,203.92,188.99
2025-02-24,144.02,182.74,108.87
2025-02-25,165.32,207.54,112.01
2025-02-26,162.06,232.65,107.81
2025-02-27,143.77,126.13,172.16
2025-02-28,122.69,88.95,139.12
2025-03-03,154.23,160.44,156.13
2025-03-04,253.45,211.54,303.88
2025-03-05,180.47,116.08,242.05
2025-03-06,229.88,176.28,245.06
2025-03-07,179.53,138.56,221.52
2025-03-10,238.45,205.60,267.95
2025-03-11,222.04,227.34,219.56
2025-03-12,218.23,234.29,214.03
2025-03-13,254.81,214.51,282.51
2025-03-14,224.04,212.71,266.14
2025-03-17,156.55,137.34,187.45
2025-03-18,201.48,271.75,206.96
2025-03-19,275.57,251.83,315.07
2025-03-20,247.04,223.89,252.11
2025-03-21,158.82,135.71,160.36
2025-03-24,141.51,192.37,96.27
2025-03-25,139.72,81.25,174.27
2025-03-26,155.46,119.22,208.83
2025-03-27,156.46,161.35,143.56
2025-03-28,156.46,139.84,188.42
2025-03-31,188.73,90.83,259.76
2025-04-01,91.22,79.58,94.82
2025-04-02,115.75,109.90,119.16
2025-04-03,98.11,115.07,86.38
2025-04-04,177.26,187.76,184.25
2025-04-07,126.19,138.39,104.93
2025-04-08,128.58,134.29,142.56
2025-04-09,189.78,206.40,153.03
2025-04-10,160.75,137.36,162.31
2025-04-11,134.75,100.75,168.07
2025-04-14,168.12,161.39,196.75
2025-04-15,141.71,141.28,147.30
2025-04-16,156.31,191.79,169.97
2025-04-17,122.46,97.67,142.56
2025-04-18,187.73,156.97,241.71
2025-04-21,158.40,137.31,171.80
2025-04-22,133.23,193.19,100.71
2025-04-23,146.83,105.39,185.59
2025-04-24,179.53,150.11,221.52
2025-04-25,190.11,206.76,249.10
2025-04-28,114.01,75.77,168.54
2025-04-29,127.87,109.27,162.03
2025-04-30,140.21,139.78,136.02
2025-05-01,105.35,128.36,97.33
2025-05-02,181.07,180.52,221.42
2025-05-05,213.92,193.88,280.30
2025-05-06,208.96,269.58,204.42
2025-05-07,250.21,357.89,262.33
2025-05-08,248.86,253.60,312.70
2025-05-09,150.33,128.46,160.72
2025-05-12,200.17,193.12,214.78
2025-05-13,150.30,83.91,199.96
2025-05-14,145.34,96.60,181.28
2025-05-15,214.27,138.56,288.93
2025-05-16,187.00,74.57,275.45
2025-05-19,231.88,303.82,220.36
2025-05-20,167.24,153.90,224.64
2025-05-21,222.44,95.89,349.94
2025-05-22,205.25,170.52,246.53
2025-05-23,103.69,65.29,117.99
2025-05-26,180.83,163.89,232.39
2025-05-27,203.35,222.34,218.18
2025-05-28,228.04,167.51,279.44
2025-05-29,164.45,105.39,214.89
2025-05-30,179.84,150.37,212.26
2025-06-02,247.21,197.16,256.95
2025-06-03,205.87,223.89,248.99
2025-06-04,197.03,184.15,235.52
2025-06-05,245.59,182.20,341.94
2025-06-06,138.02,143.10,128.54
2025-06-09,145.34,144.89,201.43
2025-06-10,188.80,114.07,247.38
2025-06-11,177.66,68.56,257.34
2025-06-12,168.44,89.56,233.43
2025-06-13,167.94,80.83,269.67
2025-06-16,256.29,140.53,383.61
2025-06-17,293.20,199.01,435.74
2025-06-18,320.77,159.89,482.17
2025-06-19,206.61,178.51,251.97
2025-06-20,284.89,345.27,353.02
2025-06-23,542.29,586.22,608.49
2025-06-24,347.34,307.79,427.88
2025-06-25,330.14,189.66,465.29
2025-06-26,234.85,172.51,298.06
2025-06-27,231.65,138.56,317.83
2025-06-30,148.52,90.12,182.56
2025-07-01,189.81,183.13,234.21
2025-07-02,95.84,131.38,99.62
2025-07-03,96.93,113.68,75.86
2025-07-04,157.09,149.80,147.66
2025-07-07,115.55,76.80,138.79
2025-07-08,151.72,138.65,168.21
2025-07-09,137.28,59.50,188.60
2025-07-10,146.06,104.84,194.32
2025-07-11,135.44,180.03,140.78
2025-07-14,107.63,71.53,129.27
2025-07-15,166.55,147.59,184.66
2025-07-16,177.90,134.54,244.84
2025-07-17,155.55,160.81,162.88
2025-07-18,140.04,107.39,179.15
2025-07-21,144.32,95.92,171.44
2025-07-22,118.56,83.43,162.37
2025-07-23,155.72,141.13,153.03
2025-07-24,209.66,125.41,278.94
2025-07-25,113.31,93.02,144.10
2025-07-28,156.25,186.93,142.92
2025-07-29,138.94,87.48,182.42
2025-07-30,212.53,263.02,268.14
2025-07-31,166.63,146.18,177.35
2025-08-01,177.58,108.94,238.53
2025-08-04,125.30,124.91,130.24
2025-08-05,153.01,106.77,203.57
2025-08-06,138.02,130.36,157.06
2025-08-07,135.64,142.34,106.86
2025-08-08,162.80,127.01,188.34
2025-08-11,169.26,224.98,160.85
2025-08-12,164.14,119.00,248.15
2025-08-13,118.31,88.46,159.86
2025-08-14,163.85,142.04,201.40
2025-08-15,140.36,97.95,163.40
2025-08-18,240.76,248.30,248.53
2025-08-19,134.77,169.72,106.17
2025-08-20,156.72,113.63,177.71
2025-08-21,133.63,126.21,140.36
2025-08-22,87.75,43.74,121.61
2025-08-25,130.22,129.82,135.36
2025-08-26,120.60,112.22,106.97
2025-08-27,181.61,159.32,193.30
2025-08-28,172.53,137.60,206.59
2025-08-29,174.71,139.34,209.20
2025-09-01,157.74,167.74,192.38
2025-09-02,113.11,96.65,120.93
2025-09-03,188.29,194.67,185.57
2025-09-04,107.09,71.17,142.47
2025-09-05,142.26,94.55,191.52
2025-09-08,121.49,113.04,148.16
2025-09-09,91.24,125.94,81.70
2025-09-10,254.81,246.77,302.69
2025-09-11,162.10,182.68,175.82
2025-09-12,93.82,86.34,120.02
2025-09-15,104.69,104.36,111.92
2025-09-16,105.72,112.42,105.49
2025-09-17,147.38,153.92,128.39
2025-09-18,97.63,111.24,92.78
2025-09-19,136.32,81.54,192.70
2025-09-22,115.47,71.95,144.03
2025-09-23,120.07,112.66,140.96
2025-09-24,121.69,80.87,168.64
2025-09-25,145.23,124.10,195.52
2025-09-26,154.23,120.33,167.28
2025-09-29,109.96,95.92,125.72
2025-09-30,148.96,155.57,129.76
2025-10-01,162.70,155.71,194.82
2025-10-02,172.17,205.97,171.80
2025-10-03,297.61,258.00,290.51
2025-10-06,194.04,207.26,161.35
2025-10-07,172.76,104.84,199.87
2025-10-08,84.94,127.01,35.31
2025-10-09,192.76,185.05,201.84
2025-10-10,193.34,179.90,214.36
2025-10-13,202.35,179.31,249.28
2025-10-14,218.14,144.98,268.73
2025-10-15,186.72,110.31,230.02
2025-10-16,157.74,104.84,212.37
2025-10-17,133.52,177.48,137.46
2025-10-20,155.52,232.56,155.18
2025-10-21,180.03,143.58,215.57
2025-10-22,121.10,127.83,130.32
2025-10-23,196.93,140.23,257.32
2025-10-24,161.42,111.94,198.42
2025-10-27,171.88,124.62,207.89
2025-10-28,135.64,170.81,106.86
2025-10-29,100.99,134.24,111.97
2025-10-30,132.26,83.91,159.97
2025-10-31,159.58,142.63,237.93
2025-11-03,237.48,352.09,141.78
2025-11-04,107.47,138.65,105.13
2025-11-05,140.96,93.68,195.35
2025-11-06,82.37,93.85,88.07
2025-11-07,99.54,88.21,101.17
2025-11-10,105.58,118.41,98.77
2025-11-11,104.98,81.40,145.48
2025-11-12,77.55,99.40,101.34
2025-11-13,71.17,64.50,64.56
2025-11-14,81.99,43.60,109.09
2025-11-17,105.27,69.97,116.72
2025-11-18,81.25,49.85,93.55
2025-11-19,59.47,59.29,59.34
2025-11-20,84.94,67.74,94.17
2025-11-21,163.01,23.22,261.41
2025-11-24,173.25,234.90,138.30
2025-11-25,188.15,45.47,293.94
2025-11-26,118.94,47.43,168.14
2025-11-27,182.27,173.81,171.33
2025-11-28,151.37,81.25,213.00
2025-12-01,136.60,136.18,124.95
2025-12-02,110.21,109.88,122.20
2025-12-03,106.48,117.94,127.89
2025-12-04,154.90,142.55,188.26
2025-12-05,150.30,131.86,189.97
2025-12-08,104.33,117.01,86.76
2025-12-09,104.67,61.38,122.88
2025-12-10,96.54,60.15,120.42
2025-12-11,144.55,108.08,190.31
2025-12-12,176.91,109.47,202.91
2025-12-15,207.04,256.22,178.09
2025-12-16,146.80,152.71,137.99
2025-12-17,125.79,131.38,119.54
2025-12-18,211.71,273.13,196.75
2025-12-19,101.10,83.00,148.36
2025-12-22,100.82,114.87,71.86
2025-12-23,99.52,85.04,130.04
2025-12-24,135.21,89.86,187.38
2025-12-25,147.23,234.84,73.45
2025-12-26,146.86,162.68,189.97
2025-12-29,64.48,48.21,67.02
2025-12-30,215.39,148.09,271.74
2025-12-31,163.15,141.43,212.34
2026-01-01,164.66,77.25,225.51
