observation_date,GPR_Index
2020-01-01,114.53
2020-01-02,163.18
2020-01-03,80.79
2020-01-06,251.99
2020-01-07,413.46
2020-01-08,180.61
2020-01-09,394.46
2020-01-10,167.30
2020-01-13,152.73
2020-01-14,131.78
2020-01-15,153.53
2020-01-16,145.95
2020-01-17,129.82
2020-01-20,119.12
2020-01-21,119.33
2020-01-22,77.99
2020-01-23,93.07
2020-01-24,51.96
2020-01-27,72.01
2020-01-28,99.59
2020-01-29,47.02
2020-01-30,188.07
2020-01-31,73.98
2020-02-03,107.52
2020-02-04,143.61
2020-02-05,68.35
2020-02-06,90.63
2020-02-07,78.96
2020-02-10,24.76
2020-02-11,90.26
2020-02-12,62.03
2020-02-13,58.85
2020-02-14,89.18
2020-02-17,84.65
2020-02-18,83.43
2020-02-19,54.75
2020-02-20,111.31
2020-02-21,103.92
2020-02-24,80.92
2020-02-25,115.45
2020-02-26,102.60
2020-02-27,63.97
2020-02-28,55.14
2020-03-02,106.23
2020-03-03,123.04
2020-03-04,144.92
2020-03-05,79.18
2020-03-06,51.33
2020-03-09,72.80
2020-03-10,71.65
2020-03-11,90.98
2020-03-12,74.84
2020-03-13,68.07
2020-03-16,34.45
2020-03-17,99.09
2020-03-18,87.61
2020-03-19,89.17
2020-03-20,57.80
2020-03-23,121.19
2020-03-24,191.01
2020-03-25,53.36
2020-03-26,56.71
2020-03-27,52.13
2020-03-30,103.52
2020-03-31,89.26
2020-04-01,65.60
2020-04-02,47.59
2020-04-03,84.58
2020-04-06,99.33
2020-04-07,106.53
2020-04-08,78.21
2020-04-09,60.91
2020-04-10,85.49
2020-04-13,88.78
2020-04-14,91.17
2020-04-15,89.53
2020-04-16,48.46
2020-04-17,73.51
2020-04-20,25.88
2020-04-21,54.08
2020-04-22,137.26
2020-04-23,100.94
2020-04-24,45.83
2020-04-27,49.00
2020-04-28,95.69
2020-04-29,79.46
2020-04-30,56.95
2020-05-01,60.41
2020-05-04,59.60
2020-05-05,41.64
2020-05-06,80.79
2020-05-07,56.15
2020-05-08,70.48
2020-05-11,37.91
2020-05-12,39.44
2020-05-13,59.53
2020-05-14,82.13
2020-05-15,45.82
2020-05-18,135.10
2020-05-19,99.48
2020-05-20,99.69
2020-05-21,73.21
2020-05-22,135.65
2020-05-25,129.13
2020-05-26,120.36
2020-05-27,23.43
2020-05-28,61.02
2020-05-29,137.45
2020-06-01,53.90
2020-06-02,83.04
2020-06-03,114.53
2020-06-04,36.15
2020-06-05,109.98
2020-06-08,65.65
2020-06-09,68.30
2020-06-10,95.69
2020-06-11,87.41
2020-06-12,73.61
2020-06-15,102.87
2020-06-16,79.20
2020-06-17,151.38
2020-06-18,101.32
2020-06-19,53.82
2020-06-22,131.45
2020-06-23,56.38
2020-06-24,80.22
2020-06-25,40.78
2020-06-26,44.34
2020-06-29,48.01
2020-06-30,76.92
2020-07-01,107.85
2020-07-02,23.39
2020-07-03,43.97
2020-07-06,72.01
2020-07-07,106.17
2020-07-08,68.60
2020-07-09,55.83
2020-07-10,97.43
2020-07-13,92.73
2020-07-14,93.80
2020-07-15,103.67
2020-07-16,29.49
2020-07-17,38.32
2020-07-20,87.17
2020-07-21,116.23
2020-07-22,117.13
2020-07-23,78.04
2020-07-24,92.75
2020-07-27,137.18
2020-07-28,121.65
2020-07-29,80.91
2020-07-30,54.08
2020-07-31,38.62
2020-08-03,42.17
2020-08-04,48.71
2020-08-05,33.80
2020-08-06,112.37
2020-08-07,43.82
2020-08-10,40.58
2020-08-11,55.29
2020-08-12,61.83
2020-08-13,88.90
2020-08-14,44.29
2020-08-17,65.55
2020-08-18,84.10
2020-08-19,46.66
2020-08-20,122.02
2020-08-21,166.30
2020-08-24,71.24
2020-08-25,85.98
2020-08-26,105.67
2020-08-27,142.09
2020-08-28,64.11
2020-08-31,88.63
2020-09-01,106.37
2020-09-02,109.21
2020-09-03,94.24
2020-09-04,94.90
2020-09-07,149.53
2020-09-08,68.60
2020-09-09,47.32
2020-09-10,145.25
2020-09-11,145.95
2020-09-14,67.31
2020-09-15,115.94
2020-09-16,82.47
2020-09-17,100.08
2020-09-18,86.34
2020-09-21,52.92
2020-09-22,94.39
2020-09-23,62.17
2020-09-24,64.87
2020-09-25,55.35
2020-09-28,104.41
2020-09-29,105.16
2020-09-30,104.96
2020-10-01,76.00
2020-10-02,101.93
2020-10-05,66.92
2020-10-06,85.71
2020-10-07,83.25
2020-10-08,113.65
2020-10-09,81.57
2020-10-12,67.72
2020-10-13,78.09
2020-10-14,47.69
2020-10-15,107.97
2020-10-16,123.50
2020-10-19,95.22
2020-10-20,98.67
2020-10-21,72.01
2020-10-22,101.61
2020-10-23,65.73
2020-10-26,89.93
2020-10-27,130.45
2020-10-28,81.79
2020-10-29,89.64
2020-10-30,80.36
2020-11-02,56.63
2020-11-03,162.63
2020-11-04,129.57
2020-11-05,69.65
2020-11-06,62.93
2020-11-09,105.40
2020-11-10,58.59
2020-11-11,97.93
2020-11-12,52.86
2020-11-13,69.19
2020-11-16,70.60
2020-11-17,45.82
2020-11-18,109.74
2020-11-19,49.04
2020-11-20,94.16
2020-11-23,36.76
2020-11-24,104.29
2020-11-25,23.36
2020-11-26,69.12
2020-11-27,70.37
2020-11-30,46.80
2020-12-01,129.66
2020-12-02,92.27
2020-12-03,67.79
2020-12-04,38.67
2020-12-07,55.04
2020-12-08,78.98
2020-12-09,62.74
2020-12-10,95.42
2020-12-11,42.85
2020-12-14,29.80
2020-12-15,89.53
2020-12-16,52.51
2020-12-17,93.12
2020-12-18,79.99
2020-12-21,91.12
2020-12-22,62.68
2020-12-23,68.60
2020-12-24,55.00
2020-12-25,48.24
2020-12-28,41.41
2020-12-29,69.01
2020-12-30,59.15
2020-12-31,80.79
2021-01-01,65.27
2021-01-04,99.33
2021-01-05,121.85
2021-01-06,106.57
2021-01-07,54.24
2021-01-08,77.74
2021-01-11,84.14
2021-01-12,169.88
2021-01-13,66.50
2021-01-14,62.11
2021-01-15,57.97
2021-01-18,94.49
2021-01-19,66.67
2021-01-20,87.49
2021-01-21,47.44
2021-01-22,93.71
2021-01-25,140.45
2021-01-26,50.25
2021-01-27,68.84
2021-01-28,112.79
2021-01-29,63.22
2021-02-01,60.05
2021-02-02,192.34
2021-02-03,69.92
2021-02-04,78.18
2021-02-05,106.44
2021-02-08,72.80
2021-02-09,61.26
2021-02-10,74.93
2021-02-11,63.46
2021-02-12,73.33
2021-02-15,61.24
2021-02-16,91.76
2021-02-17,104.37
2021-02-18,33.67
2021-02-19,85.16
2021-02-22,71.29
2021-02-23,97.43
2021-02-24,77.84
2021-02-25,46.18
2021-02-26,121.14
2021-03-01,96.30
2021-03-02,137.47
2021-03-03,154.59
2021-03-04,88.44
2021-03-05,88.98
2021-03-08,60.40
2021-03-09,22.26
2021-03-10,57.34
2021-03-11,70.39
2021-03-12,49.38
2021-03-15,111.60
2021-03-16,108.84
2021-03-17,93.31
2021-03-18,134.94
2021-03-19,42.85
2021-03-22,119.16
2021-03-23,99.46
2021-03-24,76.44
2021-03-25,63.78
2021-03-26,69.78
2021-03-29,123.24
2021-03-30,95.42
2021-03-31,76.35
2021-04-01,67.70
2021-04-02,65.70
2021-04-05,74.56
2021-04-06,92.79
2021-04-07,113.79
2021-04-08,32.52
2021-04-09,48.01
2021-04-12,100.38
2021-04-13,95.29
2021-04-14,186.30
2021-04-15,103.26
2021-04-16,95.03
2021-04-19,110.42
2021-04-20,125.27
2021-04-21,166.30
2021-04-22,113.77
2021-04-23,146.73
2021-04-26,54.47
2021-04-27,131.65
2021-04-28,50.06
2021-04-29,47.38
2021-04-30,36.40
2021-05-03,97.43
2021-05-04,93.88
2021-05-05,60.39
2021-05-06,76.31
2021-05-07,55.93
2021-05-10,49.00
2021-05-11,101.18
2021-05-12,63.30
2021-05-13,140.43
2021-05-14,115.36
2021-05-17,92.16
2021-05-18,98.59
2021-05-19,158.96
2021-05-20,125.85
2021-05-21,165.85
2021-05-24,138.41
2021-05-25,170.94
2021-05-26,176.61
2021-05-27,133.34
2021-05-28,140.03
2021-05-31,57.55
2021-06-01,65.87
2021-06-02,68.73
2021-06-03,60.07
2021-06-04,79.61
2021-06-07,54.30
2021-06-08,59.73
2021-06-09,93.25
2021-06-10,85.51
2021-06-11,131.48
2021-06-14,29.36
2021-06-15,73.51
2021-06-16,144.79
2021-06-17,138.02
2021-06-18,84.50
2021-06-21,94.50
2021-06-22,170.60
2021-06-23,41.51
2021-06-24,76.66
2021-06-25,54.79
2021-06-28,97.29
2021-06-29,95.69
2021-06-30,43.82
2021-07-01,64.11
2021-07-02,78.98
2021-07-05,65.99
2021-07-06,63.33
2021-07-07,34.78
2021-07-08,37.86
2021-07-09,32.36
2021-07-12,69.74
2021-07-13,77.25
2021-07-14,56.22
2021-07-15,104.51
2021-07-16,70.38
2021-07-19,50.57
2021-07-20,37.43
2021-07-21,49.92
2021-07-22,95.29
2021-07-23,91.79
2021-07-26,59.15
2021-07-27,79.20
2021-07-28,53.30
2021-07-29,30.92
2021-07-30,80.90
2021-08-02,111.95
2021-08-03,50.82
2021-08-04,89.99
2021-08-05,99.66
2021-08-06,63.62
2021-08-09,42.61
2021-08-10,103.37
2021-08-11,71.91
2021-08-12,76.15
2021-08-13,95.29
2021-08-16,127.20
2021-08-17,157.74
2021-08-18,83.16
2021-08-19,49.64
2021-08-20,68.60
2021-08-23,189.93
2021-08-24,133.26
2021-08-25,47.53
2021-08-26,114.39
2021-08-27,103.81
2021-08-30,107.77
2021-08-31,203.01
2021-09-01,80.04
2021-09-02,106.26
2021-09-03,98.69
2021-09-06,81.71
2021-09-07,117.78
2021-09-08,85.30
2021-09-09,73.61
2021-09-10,65.94
2021-09-13,104.92
2021-09-14,69.79
2021-09-15,65.97
2021-09-16,119.12
2021-09-17,151.91
2021-09-20,59.96
2021-09-21,84.71
2021-09-22,54.23
2021-09-23,68.83
2021-09-24,92.75
2021-09-27,57.03
2021-09-28,96.16
2021-09-29,59.40
2021-09-30,102.68
2021-10-01,68.04
2021-10-04,65.81
2021-10-05,171.90
2021-10-06,56.07
2021-10-07,121.31
2021-10-08,94.40
2021-10-11,50.81
2021-10-12,81.57
2021-10-13,94.01
2021-10-14,55.36
2021-10-15,107.15
2021-10-18,126.71
2021-10-19,133.84
2021-10-20,76.41
2021-10-21,94.01
2021-10-22,86.04
2021-10-25,79.63
2021-10-26,144.65
2021-10-27,102.93
2021-10-28,96.13
2021-10-29,55.78
2021-11-01,124.33
2021-11-02,62.87
2021-11-03,73.81
2021-11-04,122.69
2021-11-05,76.94
2021-11-08,46.37
2021-11-09,84.58
2021-11-10,135.30
2021-11-11,83.04
2021-11-12,101.22
2021-11-15,141.16
2021-11-16,122.86
2021-11-17,126.07
2021-11-18,158.17
2021-11-19,108.76
2021-11-22,128.99
2021-11-23,80.91
2021-11-24,87.69
2021-11-25,118.10
2021-11-26,58.98
2021-11-29,60.78
2021-11-30,92.79
2021-12-01,86.94
2021-12-02,93.12
2021-12-03,106.17
2021-12-06,120.54
2021-12-07,202.43
2021-12-08,145.56
2021-12-09,104.56
2021-12-10,164.98
2021-12-13,110.42
2021-12-14,129.90
2021-12-15,72.01
2021-12-16,136.25
2021-12-17,95.44
2021-12-20,53.09
2021-12-21,101.41
2021-12-22,141.34
2021-12-23,135.31
2021-12-24,135.72
2021-12-27,78.87
2021-12-28,58.89
2021-12-29,37.89
2021-12-30,147.23
2021-12-31,76.59
2022-01-03,52.34
2022-01-04,88.96
2022-01-05,96.48
2022-01-06,70.01
2022-01-07,118.96
2022-01-10,130.01
2022-01-11,188.91
2022-01-12,78.21
2022-01-13,170.65
2022-01-14,133.57
2022-01-17,109.27
2022-01-18,138.82
2022-01-19,153.56
2022-01-20,136.37
2022-01-21,185.75
2022-01-24,185.80
2022-01-25,291.58
2022-01-26,260.34
2022-01-27,265.01
2022-01-28,182.23
2022-01-31,142.99
2022-02-01,190.59
2022-02-02,250.32
2022-02-03,176.29
2022-02-04,92.57
2022-02-07,195.15
2022-02-08,158.39
2022-02-09,117.18
2022-02-10,108.54
2022-02-11,179.28
2022-02-14,191.89
2022-02-15,229.06
2022-02-16,223.47
2022-02-17,228.45
2022-02-18,226.35
2022-02-21,152.37
2022-02-22,279.43
2022-02-23,431.02
2022-02-24,370.70
2022-02-25,515.89
2022-02-28,452.62
2022-03-01,540.83
2022-03-02,523.52
2022-03-03,436.82
2022-03-04,350.07
2022-03-07,362.31
2022-03-08,352.11
2022-03-09,295.31
2022-03-10,352.40
2022-03-11,410.33
2022-03-14,350.11
2022-03-15,311.88
2022-03-16,473.22
2022-03-17,290.33
2022-03-18,285.32
2022-03-21,227.74
2022-03-22,244.84
2022-03-23,267.47
2022-03-24,317.01
2022-03-25,350.74
2022-03-28,281.92
2022-03-29,233.36
2022-03-30,233.51
2022-03-31,254.81
2022-04-01,188.16
2022-04-04,163.02
2022-04-05,212.42
2022-04-06,175.75
2022-04-07,243.42
2022-04-08,219.48
2022-04-11,195.23
2022-04-12,226.25
2022-04-13,258.88
2022-04-14,265.66
2022-04-15,168.44
2022-04-18,218.63
2022-04-19,213.52
2022-04-20,189.61
2022-04-21,128.26
2022-04-22,246.80
2022-04-25,246.90
2022-04-26,160.54
2022-04-27,186.70
2022-04-28,176.38
2022-04-29,148.94
2022-05-02,96.67
2022-05-03,157.47
2022-05-04,163.45
2022-05-05,144.70
2022-05-06,174.07
2022-05-09,150.87
2022-05-10,143.25
2022-05-11,176.38
2022-05-12,158.26
2022-05-13,162.08
2022-05-16,168.75
2022-05-17,174.62
2022-05-18,165.90
2022-05-19,162.38
2022-05-20,140.96
2022-05-23,150.31
2022-05-24,222.36
2022-05-25,155.10
2022-05-26,134.57
2022-05-27,155.52
2022-05-30,115.82
2022-05-31,190.31
2022-06-01,168.34
2022-06-02,142.59
2022-06-03,142.78
2022-06-06,190.13
2022-06-07,139.03
2022-06-08,152.37
2022-06-09,115.55
2022-06-10,94.35
2022-06-13,147.23
2022-06-14,136.37
2022-06-15,110.05
2022-06-16,132.28
2022-06-17,114.05
2022-06-20,115.72
2022-06-21,116.77
2022-06-22,121.32
2022-06-23,143.56
2022-06-24,149.36
2022-06-27,132.00
2022-06-28,200.76
2022-06-29,181.89
2022-06-30,173.21
2022-07-01,119.08
2022-07-04,80.44
2022-07-05,109.65
2022-07-06,138.99
2022-07-07,88.63
2022-07-08,110.42
2022-07-11,112.85
2022-07-12,113.64
2022-07-13,182.87
2022-07-14,165.35
2022-07-15,192.03
2022-07-18,128.71
2022-07-19,151.08
2022-07-20,149.56
2022-07-21,117.51
2022-07-22,125.48
2022-07-25,109.56
2022-07-26,160.86
2022-07-27,145.54
2022-07-28,106.68
2022-07-29,68.25
2022-08-01,130.93
2022-08-02,204.48
2022-08-03,210.23
2022-08-04,212.05
2022-08-05,163.93
2022-08-08,149.10
2022-08-09,212.57
2022-08-10,80.65
2022-08-11,130.27
2022-08-12,182.54
2022-08-15,110.42
2022-08-16,96.54
2022-08-17,156.09
2022-08-18,100.74
2022-08-19,117.68
2022-08-22,101.73
2022-08-23,145.34
2022-08-24,102.45
2022-08-25,149.12
2022-08-26,108.25
2022-08-29,120.46
2022-08-30,115.27
2022-08-31,97.75
2022-09-01,187.71
2022-09-02,84.13
2022-09-05,83.96
2022-09-06,119.16
2022-09-07,124.29
2022-09-08,99.43
2022-09-09,94.33
2022-09-12,111.96
2022-09-13,132.26
2022-09-14,202.93
2022-09-15,95.61
2022-09-16,127.41
2022-09-19,122.18
2022-09-20,109.77
2022-09-21,189.75
2022-09-22,225.86
2022-09-23,187.80
2022-09-26,163.02
2022-09-27,155.89
2022-09-28,202.59
2022-09-29,156.94
2022-09-30,162.74
2022-10-03,123.90
2022-10-04,164.21
2022-10-05,171.15
2022-10-06,202.70
2022-10-07,144.24
2022-10-10,193.34
2022-10-11,228.25
2022-10-12,181.95
2022-10-13,133.84
2022-10-14,147.23
2022-10-17,171.67
2022-10-18,128.98
2022-10-19,160.19
2022-10-20,159.92
2022-10-21,174.35
2022-10-24,93.58
2022-10-25,139.72
2022-10-26,133.39
2022-10-27,180.49
2022-10-28,203.69
2022-10-31,113.79
2022-11-01,136.88
2022-11-02,150.82
2022-11-03,186.55
2022-11-04,115.89
2022-11-07,139.72
2022-11-08,225.74
2022-11-09,137.41
2022-11-10,98.15
2022-11-11,111.09
2022-11-14,188.93
2022-11-15,196.51
2022-11-16,170.58
2022-11-17,153.21
2022-11-18,77.71
2022-11-21,107.63
2022-11-22,105.25
2022-11-23,105.60
2022-11-24,46.47
2022-11-25,80.51
2022-11-28,88.00
2022-11-29,100.55
2022-11-30,81.59
2022-12-01,65.95
2022-12-02,109.10
2022-12-05,98.97
2022-12-06,139.10
2022-12-07,127.41
2022-12-08,140.96
2022-12-09,117.31
2022-12-12,158.37
2022-12-13,152.63
2022-12-14,133.39
2022-12-15,73.61
2022-12-16,98.80
2022-12-19,171.46
2022-12-20,132.74
2022-12-21,169.54
2022-12-22,159.00
2022-12-23,114.93
2022-12-26,64.70
2022-12-27,146.82
2022-12-28,151.89
2022-12-29,116.49
2022-12-30,150.23
2023-01-02,117.05
2023-01-03,198.45
2023-01-04,94.29
2023-01-05,100.74
2023-01-06,88.73
2023-01-09,86.13
2023-01-10,114.62
2023-01-11,129.44
2023-01-12,114.45
2023-01-13,103.70
2023-01-16,107.10
2023-01-17,127.41
2023-01-18,76.78
2023-01-19,115.06
2023-01-20,152.37
2023-01-23,87.71
2023-01-24,89.98
2023-01-25,110.61
2023-01-26,71.49
2023-01-27,120.77
2023-01-30,155.17
2023-01-31,148.32
2023-02-01,108.70
2023-02-02,130.60
2023-02-03,116.33
2023-02-06,112.53
2023-02-07,138.02
2023-02-08,134.98
2023-02-09,169.59
2023-02-10,147.88
2023-02-13,110.42
2023-02-14,82.67
2023-02-15,119.27
2023-02-16,134.75
2023-02-17,106.10
2023-02-20,146.03
2023-02-21,174.98
2023-02-22,150.31
2023-02-23,127.87
2023-02-24,110.97
2023-02-27,125.63
2023-02-28,146.95
2023-03-01,92.77
2023-03-02,121.40
2023-03-03,154.63
2023-03-06,106.86
2023-03-07,161.43
2023-03-08,125.93
2023-03-09,147.48
2023-03-10,113.44
2023-03-13,144.30
2023-03-14,117.31
2023-03-15,101.75
2023-03-16,112.81
2023-03-17,85.23
2023-03-20,94.07
2023-03-21,129.90
2023-03-22,114.43
2023-03-23,100.57
2023-03-24,72.62
2023-03-27,120.95
2023-03-28,76.76
2023-03-29,79.96
2023-03-30,129.30
2023-03-31,90.45
2023-04-03,84.60
2023-04-04,119.43
2023-04-05,117.88
2023-04-06,173.69
2023-04-07,169.01
2023-04-10,142.78
2023-04-11,92.75
2023-04-12,119.43
2023-04-13,126.19
2023-04-14,119.80
2023-04-17,91.62
2023-04-18,106.86
2023-04-19,158.03
2023-04-20,95.67
2023-04-21,140.05
2023-04-24,159.47
2023-04-25,180.23
2023-04-26,105.35
2023-04-27,117.88
2023-04-28,117.88
2023-05-01,104.61
2023-05-02,77.04
2023-05-03,149.53
2023-05-04,118.08
2023-05-05,69.74
2023-05-08,51.76
2023-05-09,116.35
2023-05-10,118.52
2023-05-11,137.28
2023-05-12,146.22
2023-05-15,135.87
2023-05-16,137.53
2023-05-17,89.38
2023-05-18,125.22
2023-05-19,160.85
2023-05-22,78.25
2023-05-23,183.69
2023-05-24,115.22
2023-05-25,106.29
2023-05-26,61.34
2023-05-29,44.97
2023-05-30,111.29
2023-05-31,219.58
2023-06-01,182.40
2023-06-02,129.57
2023-06-05,107.09
2023-06-06,133.47
2023-06-07,142.29
2023-06-08,78.74
2023-06-09,96.33
2023-06-12,65.73
2023-06-13,77.17
2023-06-14,72.13
2023-06-15,158.32
2023-06-16,111.43
2023-06-19,107.78
2023-06-20,142.78
2023-06-21,127.87
2023-06-22,154.50
2023-06-23,46.41
2023-06-26,169.51
2023-06-27,118.31
2023-06-28,82.54
2023-06-29,120.90
2023-06-30,102.67
2023-07-03,45.38
2023-07-04,109.93
2023-07-05,89.85
2023-07-06,172.66
2023-07-07,120.56
2023-07-10,138.30
2023-07-11,141.35
2023-07-12,203.19
2023-07-13,80.51
2023-07-14,151.37
2023-07-17,110.85
2023-07-18,151.43
2023-07-19,188.83
2023-07-20,127.64
2023-07-21,112.39
2023-07-24,143.43
2023-07-25,61.72
2023-07-26,84.08
2023-07-27,132.50
2023-07-28,130.33
2023-07-31,154.40
2023-08-01,116.91
2023-08-02,132.76
2023-08-03,88.73
2023-08-04,119.37
2023-08-07,117.57
2023-08-08,108.30
2023-08-09,105.72
2023-08-10,131.01
2023-08-11,142.36
2023-08-14,114.97
2023-08-15,114.64
2023-08-16,100.02
2023-08-17,116.03
2023-08-18,77.42
2023-08-21,97.22
2023-08-22,81.10
2023-08-23,126.71
2023-08-24,61.57
2023-08-25,40.26
2023-08-28,75.44
2023-08-29,115.63
2023-08-30,163.30
2023-08-31,117.42
2023-09-01,73.49
2023-09-04,100.62
2023-09-05,121.79
2023-09-06,76.63
2023-09-07,80.34
2023-09-08,80.14
2023-09-11,93.50
2023-09-12,164.97
2023-09-13,134.78
2023-09-14,119.94
2023-09-15,106.68
2023-09-18,114.69
2023-09-19,207.42
2023-09-20,190.11
2023-09-21,162.91
2023-09-22,131.63
2023-09-25,109.96
2023-09-26,81.25
2023-09-27,101.47
2023-09-28,64.38
2023-09-29,86.41
2023-10-02,63.46
2023-10-03,107.05
2023-10-04,61.24
2023-10-05,54.30
2023-10-06,161.31
2023-10-09,227.07
2023-10-10,259.08
2023-10-11,265.93
2023-10-12,218.01
2023-10-13,287.31
2023-10-16,290.34
2023-10-17,274.52
2023-10-18,333.01
2023-10-19,338.85
2023-10-20,298.63
2023-10-23,312.77
2023-10-24,250.01
2023-10-25,208.09
2023-10-26,168.44
2023-10-27,251.86
2023-10-30,205.43
2023-10-31,172.08
2023-11-01,251.73
2023-11-02,219.58
2023-11-03,174.92
2023-11-06,182.90
2023-11-07,140.21
2023-11-08,132.50
2023-11-09,201.48
2023-11-10,180.98
2023-11-13,131.05
2023-11-14,148.23
2023-11-15,130.60
2023-11-16,170.86
2023-11-17,149.48
2023-11-20,204.90
2023-11-21,96.48
2023-11-22,191.44
2023-11-23,175.45
2023-11-24,152.79
2023-11-27,166.35
2023-11-28,184.38
2023-11-29,88.78
2023-11-30,178.90
2023-12-01,94.81
2023-12-04,194.86
2023-12-05,89.69
2023-12-06,131.24
2023-12-07,194.16
2023-12-08,153.52
2023-12-11,153.77
2023-12-12,167.42
2023-12-13,192.79
2023-12-14,148.68
2023-12-15,169.26
2023-12-18,144.02
2023-12-19,187.76
2023-12-20,143.77
2023-12-21,114.02
2023-12-22,89.37
2023-12-25,136.40
2023-12-26,139.57
2023-12-27,180.18
2023-12-28,122.69
2023-12-29,221.28
2024-01-01,167.60
2024-01-02,131.12
2024-01-03,149.39
2024-01-04,180.69
2024-01-05,167.49
2024-01-08,106.63
2024-01-09,241.27
2024-01-10,118.10
2024-01-11,165.31
2024-01-12,210.59
2024-01-15,106.40
2024-01-16,193.39
2024-01-17,176.20
2024-01-18,167.49
2024-01-19,207.41
2024-01-22,186.62
2024-01-23,169.07
2024-01-24,159.14
2024-01-25,202.29
2024-01-26,141.32
2024-01-29,140.53
2024-01-30,206.28
2024-01-31,205.61
2024-02-01,147.50
2024-02-02,171.52
2024-02-05,125.88
2024-02-06,118.75
2024-02-07,100.38
2024-02-08,116.23
2024-02-09,194.53
2024-02-12,156.39
2024-02-13,187.86
2024-02-14,135.81
2024-02-15,214.81
2024-02-16,160.93
2024-02-19,167.82
2024-02-20,170.21
2024-02-21,193.75
2024-02-22,219.58
2024-02-23,167.07
2024-02-26,200.97
2024-02-27,166.86
2024-02-28,177.46
2024-02-29,153.25
2024-03-01,155.18
2024-03-04,170.75
2024-03-05,83.46
2024-03-06,108.02
2024-03-07,122.23
2024-03-08,183.72
2024-03-11,155.81
2024-03-12,199.55
2024-03-13,149.75
2024-03-14,187.15
2024-03-15,138.02
2024-03-18,147.65
2024-03-19,183.30
2024-03-20,116.03
2024-03-21,130.51
2024-03-22,125.00
2024-03-25,187.99
2024-03-26,165.63
2024-03-27,126.74
2024-03-28,99.63
2024-03-29,126.19
2024-04-01,123.22
2024-04-02,197.96
2024-04-03,181.87
2024-04-04,160.98
2024-04-05,142.05
2024-04-08,126.33
2024-04-09,171.76
2024-04-10,208.52
2024-04-11,123.34
2024-04-12,161.33
2024-04-15,230.79
2024-04-16,340.54
2024-04-17,227.50
2024-04-18,155.67
2024-04-19,208.12
2024-04-22,162.91
2024-04-23,148.32
2024-04-24,139.23
2024-04-25,172.40
2024-04-26,150.83
2024-04-29,191.11
2024-04-30,167.80
2024-05-01,130.76
2024-05-02,137.77
2024-05-03,110.42
2024-05-06,93.62
2024-05-07,176.27
2024-05-08,163.58
2024-05-09,145.40
2024-05-10,185.28
2024-05-13,177.11
2024-05-14,154.67
2024-05-15,129.21
2024-05-16,124.90
2024-05-17,181.66
2024-05-20,135.08
2024-05-21,165.28
2024-05-22,140.05
2024-05-23,101.83
2024-05-24,116.64
2024-05-27,145.43
2024-05-28,143.46
2024-05-29,135.44
2024-05-30,93.58
2024-05-31,156.50
2024-06-03,111.11
2024-06-04,110.21
2024-06-05,119.32
2024-06-06,122.01
2024-06-07,122.69
2024-06-10,107.29
2024-06-11,121.79
2024-06-12,117.68
2024-06-13,133.47
2024-06-14,90.14
2024-06-17,120.95
2024-06-18,142.94
2024-06-19,114.89
2024-06-20,177.01
2024-06-21,128.30
2024-06-24,212.61
2024-06-25,109.99
2024-06-26,128.58
2024-06-27,120.68
2024-06-28,121.46
2024-07-01,71.45
2024-07-02,79.60
2024-07-03,107.82
2024-07-04,90.28
2024-07-05,73.11
2024-07-08,89.18
2024-07-09,90.05
2024-07-10,124.67
2024-07-11,127.85
2024-07-12,86.32
2024-07-15,67.88
2024-07-16,68.24
2024-07-17,105.26
2024-07-18,133.52
2024-07-19,143.77
2024-07-22,130.04
2024-07-23,36.47
2024-07-24,78.87
2024-07-25,91.54
2024-07-26,95.77
2024-07-29,124.38
2024-07-30,107.07
2024-07-31,112.86
2024-08-01,133.20
2024-08-02,191.22
2024-08-05,187.00
2024-08-06,131.50
2024-08-07,172.72
2024-08-08,174.67
2024-08-09,151.34
2024-08-12,118.31
2024-08-13,151.60
2024-08-14,175.77
2024-08-15,139.61
2024-08-16,118.94
2024-08-19,136.53
2024-08-20,151.47
2024-08-21,140.69
2024-08-22,184.37
2024-08-23,143.76
2024-08-26,176.03
2024-08-27,174.35
2024-08-28,156.19
2024-08-29,132.50
2024-08-30,166.55
2024-09-02,145.51
2024-09-03,171.23
2024-09-04,180.32
2024-09-05,141.97
2024-09-06,100.38
2024-09-09,146.76
2024-09-10,97.61
2024-09-11,212.91
2024-09-12,103.11
2024-09-13,185.64
2024-09-16,88.97
2024-09-17,100.79
2024-09-18,122.01
2024-09-19,93.75
2024-09-20,175.54
2024-09-23,158.10
2024-09-24,161.12
2024-09-25,175.30
2024-09-26,240.48
2024-09-27,134.85
2024-09-30,160.49
2024-10-01,135.87
2024-10-02,178.71
2024-10-03,237.06
2024-10-04,144.28
2024-10-07,80.63
2024-10-08,98.59
2024-10-09,137.03
2024-10-10,119.59
2024-10-11,157.45
2024-10-14,151.47
2024-10-15,125.71
2024-10-16,117.64
2024-10-17,104.24
2024-10-18,124.89
2024-10-21,119.06
2024-10-22,214.15
2024-10-23,215.39
2024-10-24,136.47
2024-10-25,170.03
2024-10-28,145.17
2024-10-29,160.80
2024-10-30,133.96
2024-10-31,133.90
2024-11-01,131.07
2024-11-04,114.69
2024-11-05,57.44
2024-11-06,120.14
2024-11-07,98.80
2024-11-08,108.89
2024-11-11,154.23
2024-11-12,106.86
2024-11-13,116.55
2024-11-14,58.63
2024-11-15,97.59
2024-11-18,253.14
2024-11-19,197.48
2024-11-20,195.19
2024-11-21,193.79
2024-11-22,102.10
2024-11-25,123.71
2024-11-26,169.26
2024-11-27,199.63
2024-11-28,176.28
2024-11-29,226.97
2024-12-02,197.00
2024-12-03,164.99
2024-12-04,136.60
2024-12-05,127.66
2024-12-06,150.85
2024-12-09,170.97
2024-12-10,194.50
2024-12-11,153.94
2024-12-12,233.83
2024-12-13,191.36
2024-12-16,194.04
2024-12-17,133.30
2024-12-18,182.29
2024-12-19,152.59
2024-12-20,128.64
2024-12-23,146.57
2024-12-24,143.37
2024-12-25,120.14
2024-12-26,132.86
2024-12-27,168.56
2024-12-30,108.20
2024-12-31,63.40
2025-01-01,113.16
2025-01-02,198.89
2025-01-03,137.50
2025-01-06,98.32
2025-01-07,118.53
2025-01-08,70.48
2025-01-09,123.83
2025-01-10,65.77
2025-01-13,107.55
2025-01-14,148.52
2025-01-15,147.09
2025-01-16,92.98
2025-01-17,88.34
2025-01-20,151.89
2025-01-21,50.29
2025-01-22,157.46
2025-01-23,126.48
2025-01-24,148.88
2025-01-27,197.66
2025-01-28,164.41
2025-01-29,105.26
2025-01-30,120.90
2025-01-31,110.42
2025-02-03,146.63
2025-02-04,141.71
2025-02-05,135.57
2025-02-06,150.85
2025-02-07,118.94
2025-02-10,121.01
2025-02-11,119.80
2025-02-12,95.37
2025-02-13,167.72
2025-02-14,119.53
2025-02-17,156.25
2025-02-18,217.61
2025-02-19,166.24
2025-02-20,265.49
2025-02-21,181.82
2025-02-24,144.02
2025-02-25,165.32
2025-02-26,162.06
2025-02-27,143.77
2025-02-28,122.69
2025-03-03,154.23
2025-03-04,253.45
2025-03-05,180.47
2025-03-06,229.88
2025-03-07,179.53
2025-03-10,238.45
2025-03-11,222.04
2025-03-12,218.23
2025-03-13,254.81
2025-03-14,224.04
2025-03-17,156.55
2025-03-18,201.48
2025-03-19,275.57
2025-03-20,247.04
2025-03-21,158.82
2025-03-24,141.51
2025-03-25,139.72
2025-03-26,155.46
2025-03-27,156.46
2025-03-28,156.46
2025-03-31,188.73
2025-04-01,91.22
2025-04-02,115.75
2025-04-03,98.11
2025-04-04,177.26
2025-04-07,126.19
2025-04-08,128.58
2025-04-09,189.78
2025-04-10,160.75
2025-04-11,134.75
2025-04-14,168.12
2025-04-15,141.71
2025-04-16,156.31
2025-04-17,122.46
2025-04-18,187.73
2025-04-21,158.40
2025-04-22,133.23
2025-04-23,146.83
2025-04-24,179.53
2025-04-25,190.11
2025-04-28,114.01
2025-04-29,127.87
2025-04-30,140.21
2025-05-01,105.35
2025-05-02,181.07
2025-05-05,213.92
2025-05-06,208.96
2025-05-07,250.21
2025-05-08,248.86
2025-05-09,150.33
2025-05-12,200.17
2025-05-13,150.30
2025-05-14,145.34
2025-05-15,214.27
2025-05-16,187.00
2025-05-19,231.88
2025-05-20,167.24
2025-05-21,222.44
2025-05-22,205.25
2025-05-23,103.69
2025-05-26,180.83
2025-05-27,203.35
2025-05-28,228.04
2025-05-29,164.45
2025-05-30,179.84
2025-06-02,247.21
2025-06-03,205.87
2025-06-04,197.03
2025-06-05,245.59
2025-06-06,138.02
2025-06-09,145.34
2025-06-10,188.80
2025-06-11,177.66
2025-06-12,168.44
2025-06-13,167.94
2025-06-16,256.29
2025-06-17,293.20
2025-06-18,320.77
2025-06-19,206.61
2025-06-20,284.89
2025-06-23,542.29
2025-06-24,347.34
2025-06-25,330.14
2025-06-26,234.85
2025-06-27,231.65
2025-06-30,148.52
2025-07-01,189.81
2025-07-02,95.84
2025-07-03,96.93
2025-07-04,157.09
2025-07-07,115.55
2025-07-08,151.72
2025-07-09,137.28
2025-07-10,146.06
2025-07-11,135.44
2025-07-14,107.63
2025-07-15,166.55
2025-07-16,177.90
2025-07-17,155.55
2025-07-18,140.04
2025-07-21,144.32
2025-07-22,118.56
2025-07-23,155.72
2025-07-24,209.66
2025-07-25,113.31
2025-07-28,156.25
2025-07-29,138.94
2025-07-30,212.53
2025-07-31,166.63
2025-08-01,177.58
2025-08-04,125.30
2025-08-05,153.01
2025-08-06,138.02
2025-08-07,135.64
2025-08-08,162.80
2025-08-11,169.26
2025-08-12,164.14
2025-08-13,118.31
2025-08-14,163.85
2025-08-15,140.36
2025-08-18,240.76
2025-08-19,134.77
2025-08-20,156.72
2025-08-21,133.63
2025-08-22,87.75
2025-08-25,130.22
2025-08-26,120.60
2025-08-27,181.61
2025-08-28,172.53
2025-08-29,174.71
2025-09-01,157.74
2025-09-02,113.11
2025-09-03,188.29
2025-09-04,107.09
2025-09-05,142.26
2025-09-08,121.49
2025-09-09,91.24
2025-09-10,254.81
2025-09-11,162.10
2025-09-12,93.82
2025-09-15,104.69
2025-09-16,105.72
2025-09-17,147.38
2025-09-18,97.63
2025-09-19,136.32
2025-09-22,115.47
2025-09-23,120.07
2025-09-24,121.69
2025-09-25,145.23
2025-09-26,154.23
2025-09-29,109.96
2025-09-30,148.96
2025-10-01,162.70
2025-10-02,172.17
2025-10-03,297.61
2025-10-06,194.04
2025-10-07,172.76
2025-10-08,84.94
2025-10-09,192.76
2025-10-10,193.34
2025-10-13,202.35
2025-10-14,218.14
2025-10-15,186.72
2025-10-16,157.74
2025-10-17,133.52
2025-10-20,155.52
2025-10-21,180.03
2025-10-22,121.10
2025-10-23,196.93
2025-10-24,161.42
2025-10-27,171.88
2025-10-28,135.64
2025-10-29,100.99
2025-10-30,132.26
2025-10-31,159.58
2025-11-03,237.48
2025-11-04,107.47
2025-11-05,140.96
2025-11-06,82.37
2025-11-07,99.54
2025-11-10,105.58
2025-11-11,104.98
2025-11-12,77.55
2025-11-13,71.17
2025-11-14,81.99
2025-11-17,105.27
2025-11-18,81.25
2025-11-19,59.47
2025-11-20,84.94
2025-11-21,163.01
2025-11-24,173.25
2025-11-25,188.15
2025-11-26,118.94
2025-11-27,182.27
2025-11-28,151.37
2025-12-01,136.60
2025-12-02,110.21
2025-12-03,106.48
2025-12-04,154.90
2025-12-05,150.30
2025-12-08,104.33
2025-12-09,104.67
2025-12-10,96.54
2025-12-11,144.55
2025-12-12,176.91
2025-12-15,207.04
2025-12-16,146.80
2025-12-17,125.79
2025-12-18,211.71
2025-12-19,101.10
2025-12-22,100.82
2025-12-23,99.52
2025-12-24,135.21
2025-12-25,147.23
2025-12-26,146.86
2025-12-29,64.48
2025-12-30,215.39
2025-12-31,163.15
2026-01-01,164.66
